{"GameID": "G01", "MatchDate": "6/14/2018", "MatchType": "A", "SID": "S01", "Team1_Score": "5", "Team2_Score": "0", "TeamID1": "A1", "TeamID2": "A2"}
{"GameID": "G02", "MatchDate": "6/15/2018", "MatchType": "A", "SID": "S04", "Team1_Score": "0", "Team2_Score": "1", "TeamID1": "A3", "TeamID2": "A4"}
{"GameID": "G03", "MatchDate": "6/15/2018", "MatchType": "B", "SID": "S02", "Team1_Score": "0", "Team2_Score": "1", "TeamID1": "B3", "TeamID2": "B4"}
{"GameID": "G04", "MatchDate": "6/15/2018", "MatchType": "B", "SID": "S03", "Team1_Score": "3", "Team2_Score": "3", "TeamID1": "B1", "TeamID2": "B2"}
{"GameID": "G05", "MatchDate": "6/16/2018", "MatchType": "C", "SID": "S05", "Team1_Score": "2", "Team2_Score": "1", "TeamID1": "C1", "TeamID2": "C2"}
{"GameID": "G06", "MatchDate": "6/16/2018", "MatchType": "D", "SID": "S11", "Team1_Score": "1", "Team2_Score": "1", "TeamID1": "D1", "TeamID2": "D2"}
{"GameID": "G07", "MatchDate": "6/16/2018", "MatchType": "C", "SID": "S09", "Team1_Score": "0", "Team2_Score": "1", "TeamID1": "C3", "TeamID2": "C4"}
{"GameID": "G08", "MatchDate": "6/16/2018", "MatchType": "D", "SID": "S12", "Team1_Score": "2", "Team2_Score": "0", "TeamID1": "D3", "TeamID2": "D4"}
{"GameID": "G09", "MatchDate": "6/17/2018", "MatchType": "E", "SID": "S08", "Team1_Score": "0", "Team2_Score": "1", "TeamID1": "E3", "TeamID2": "E4"}
{"GameID": "G10", "MatchDate": "6/17/2018", "MatchType": "F", "SID": "S01", "Team1_Score": "0", "Team2_Score": "1", "TeamID1": "F1", "TeamID2": "F2"}
{"GameID": "G11", "MatchDate": "6/17/2018", "MatchType": "E", "SID": "S07", "Team1_Score": "1", "Team2_Score": "1", "TeamID1": "E1", "TeamID2": "E2"}
{"GameID": "G12", "MatchDate": "6/18/2018", "MatchType": "F", "SID": "S06", "Team1_Score": "1", "Team2_Score": "0", "TeamID1": "F3", "TeamID2": "F4"}
{"GameID": "G13", "MatchDate": "6/18/2018", "MatchType": "G", "SID": "S03", "Team1_Score": "3", "Team2_Score": "0", "TeamID1": "G1", "TeamID2": "G2"}
{"GameID": "G14", "MatchDate": "6/18/2018", "MatchType": "G", "SID": "S10", "Team1_Score": "1", "Team2_Score": "2", "TeamID1": "G3", "TeamID2": "G4"}
{"GameID": "G15", "MatchDate": "6/19/2018", "MatchType": "H", "SID": "S09", "Team1_Score": "1", "Team2_Score": "2", "TeamID1": "H3", "TeamID2": "H4"}
{"GameID": "G16", "MatchDate": "6/19/2018", "MatchType": "H", "SID": "S11", "Team1_Score": "1", "Team2_Score": "2", "TeamID1": "H1", "TeamID2": "H2"}
{"GameID": "G17", "MatchDate": "6/19/2018", "MatchType": "A", "SID": "S02", "Team1_Score": "3", "Team2_Score": "1", "TeamID1": "A1", "TeamID2": "A3"}
{"GameID": "G18", "MatchDate": "6/20/2018", "MatchType": "B", "SID": "S01", "Team1_Score": "1", "Team2_Score": "0", "TeamID1": "B1", "TeamID2": "B3"}
{"GameID": "G19", "MatchDate": "6/20/2018", "MatchType": "A", "SID": "S07", "Team1_Score": "1", "Team2_Score": "0", "TeamID1": "A4", "TeamID2": "A2"}
{"GameID": "G20", "MatchDate": "6/20/2018", "MatchType": "B", "SID": "S05", "Team1_Score": "0", "Team2_Score": "1", "TeamID1": "B4", "TeamID2": "B2"}
{"GameID": "G21", "MatchDate": "6/21/2018", "MatchType": "C", "SID": "S08", "Team1_Score": "1", "Team2_Score": "1", "TeamID1": "C4", "TeamID2": "C2"}
{"GameID": "G22", "MatchDate": "6/21/2018", "MatchType": "C", "SID": "S04", "Team1_Score": "1", "Team2_Score": "0", "TeamID1": "C1", "TeamID2": "C3"}
{"GameID": "G23", "MatchDate": "6/21/2018", "MatchType": "D", "SID": "S06", "Team1_Score": "0", "Team2_Score": "3", "TeamID1": "D1", "TeamID2": "D3"}
{"GameID": "G24", "MatchDate": "6/22/2018", "MatchType": "E", "SID": "S02", "Team1_Score": "2", "Team2_Score": "0", "TeamID1": "E1", "TeamID2": "E3"}
{"GameID": "G25", "MatchDate": "6/22/2018", "MatchType": "D", "SID": "S10", "Team1_Score": "2", "Team2_Score": "0", "TeamID1": "D4", "TeamID2": "D2"}
{"GameID": "G26", "MatchDate": "6/22/2018", "MatchType": "E", "SID": "S12", "Team1_Score": "1", "Team2_Score": "2", "TeamID1": "E4", "TeamID2": "E2"}
{"GameID": "G27", "MatchDate": "6/23/2018", "MatchType": "G", "SID": "S11", "Team1_Score": "5", "Team2_Score": "2", "TeamID1": "G1", "TeamID2": "G3"}
{"GameID": "G28", "MatchDate": "6/23/2018", "MatchType": "F", "SID": "S07", "Team1_Score": "1", "Team2_Score": "2", "TeamID1": "F4", "TeamID2": "F2"}
{"GameID": "G29", "MatchDate": "6/23/2018", "MatchType": "F", "SID": "S03", "Team1_Score": "2", "Team2_Score": "1", "TeamID1": "F1", "TeamID2": "F3"}
{"GameID": "G30", "MatchDate": "6/24/2018", "MatchType": "G", "SID": "S06", "Team1_Score": "6", "Team2_Score": "1", "TeamID1": "G4", "TeamID2": "G2"}
{"GameID": "G31", "MatchDate": "6/24/2018", "MatchType": "H", "SID": "S04", "Team1_Score": "2", "Team2_Score": "2", "TeamID1": "H4", "TeamID2": "H2"}
{"GameID": "G32", "MatchDate": "6/24/2018", "MatchType": "H", "SID": "S05", "Team1_Score": "0", "Team2_Score": "3", "TeamID1": "H1", "TeamID2": "H3"}
{"GameID": "G33", "MatchDate": "6/25/2018", "MatchType": "A", "SID": "S08", "Team1_Score": "3", "Team2_Score": "0", "TeamID1": "A4", "TeamID2": "A1"}
{"GameID": "G34", "MatchDate": "6/25/2018", "MatchType": "A", "SID": "S10", "Team1_Score": "2", "Team2_Score": "1", "TeamID1": "A2", "TeamID2": "A3"}
{"GameID": "G35", "MatchDate": "6/25/2018", "MatchType": "B", "SID": "S12", "Team1_Score": "2", "Team2_Score": "2", "TeamID1": "B2", "TeamID2": "B3"}
{"GameID": "G36", "MatchDate": "6/25/2018", "MatchType": "B", "SID": "S09", "Team1_Score": "1", "Team2_Score": "1", "TeamID1": "B4", "TeamID2": "B1"}
{"GameID": "G37", "MatchDate": "6/26/2018", "MatchType": "C", "SID": "S03", "Team1_Score": "0", "Team2_Score": "2", "TeamID1": "C2", "TeamID2": "C3"}
{"GameID": "G38", "MatchDate": "6/26/2018", "MatchType": "C", "SID": "S01", "Team1_Score": "1", "Team2_Score": "2", "TeamID1": "C4", "TeamID2": "C1"}
{"GameID": "G39", "MatchDate": "6/26/2018", "MatchType": "D", "SID": "S02", "Team1_Score": "1", "Team2_Score": "2", "TeamID1": "D4", "TeamID2": "D1"}
{"GameID": "G40", "MatchDate": "6/26/2018", "MatchType": "D", "SID": "S07", "Team1_Score": "1", "Team2_Score": "2", "TeamID1": "D2", "TeamID2": "D3"}
{"GameID": "G41", "MatchDate": "6/27/2018", "MatchType": "F", "SID": "S05", "Team1_Score": "2", "Team2_Score": "0", "TeamID1": "F4", "TeamID2": "F1"}
{"GameID": "G42", "MatchDate": "6/27/2018", "MatchType": "F", "SID": "S04", "Team1_Score": "0", "Team2_Score": "3", "TeamID1": "F2", "TeamID2": "F3"}
{"GameID": "G43", "MatchDate": "6/27/2018", "MatchType": "E", "SID": "S11", "Team1_Score": "0", "Team2_Score": "2", "TeamID1": "E4", "TeamID2": "E1"}
{"GameID": "G44", "MatchDate": "6/27/2018", "MatchType": "E", "SID": "S06", "Team1_Score": "2", "Team2_Score": "2", "TeamID1": "E2", "TeamID2": "E3"}
{"GameID": "G45", "MatchDate": "6/28/2018", "MatchType": "H", "SID": "S10", "Team1_Score": "1", "Team2_Score": "1", "TeamID1": "H4", "TeamID2": "H1"}
{"GameID": "G46", "MatchDate": "6/28/2018", "MatchType": "H", "SID": "S08", "Team1_Score": "1", "Team2_Score": "0", "TeamID1": "H2", "TeamID2": "H3"}
{"GameID": "G47", "MatchDate": "6/28/2018", "MatchType": "G", "SID": "S09", "Team1_Score": "0", "Team2_Score": "3", "TeamID1": "G2", "TeamID2": "G3"}
{"GameID": "G48", "MatchDate": "6/28/2018", "MatchType": "G", "SID": "S12", "Team1_Score": "2", "Team2_Score": "0", "TeamID1": "G4", "TeamID2": "G1"}
{"GameID": "G50", "MatchDate": "6/30/2018", "MatchType": "X", "SID": "S05", "Team1_Score": "4", "Team2_Score": "3", "TeamID1": "C1", "TeamID2": "D1"}
{"GameID": "G49", "MatchDate": "6/30/2018", "MatchType": "X", "SID": "S03", "Team1_Score": "2", "Team2_Score": "1", "TeamID1": "A4", "TeamID2": "B1"}
{"GameID": "G51", "MatchDate": "7/1/2018", "MatchType": "X", "SID": "S01", "Team1_Score": "1", "Team2_Score": "1", "TeamID1": "B2", "TeamID2": "A1"}
{"GameID": "G52", "MatchDate": "7/1/2018", "MatchType": "X", "SID": "S06", "Team1_Score": "1", "Team2_Score": "1", "TeamID1": "D3", "TeamID2": "C4"}
{"GameID": "G53", "MatchDate": "7/2/2018", "MatchType": "X", "SID": "S08", "Team1_Score": "2", "Team2_Score": "0", "TeamID1": "E1", "TeamID2": "F2"}
{"GameID": "G54", "MatchDate": "7/2/2018", "MatchType": "X", "SID": "S07", "Team1_Score": "3", "Team2_Score": "2", "TeamID1": "G1", "TeamID2": "H4"}
{"GameID": "G55", "MatchDate": "7/3/2018", "MatchType": "X", "SID": "S02", "Team1_Score": "1", "Team2_Score": "0", "TeamID1": "F3", "TeamID2": "E2"}
{"GameID": "G56", "MatchDate": "7/3/2018", "MatchType": "X", "SID": "S11", "Team1_Score": "1", "Team2_Score": "1", "TeamID1": "H3", "TeamID2": "G4"}
{"GameID": "G57", "MatchDate": "7/6/2018", "MatchType": "Q", "SID": "S06", "Team1_Score": "0", "Team2_Score": "2", "TeamID1": "A4", "TeamID2": "C1"}
{"GameID": "G58", "MatchDate": "7/6/2018", "MatchType": "Q", "SID": "S05", "Team1_Score": "1", "Team2_Score": "2", "TeamID1": "E1", "TeamID2": "G1"}
{"GameID": "G59", "MatchDate": "7/7/2018", "MatchType": "Q", "SID": "S03", "Team1_Score": "2", "Team2_Score": "2", "TeamID1": "A1", "TeamID2": "D3"}
{"GameID": "G60", "MatchDate": "7/7/2018", "MatchType": "Q", "SID": "S08", "Team1_Score": "0", "Team2_Score": "2", "TeamID1": "F3", "TeamID2": "G4"}
{"GameID": "G61", "MatchDate": "7/10/2018", "MatchType": "S", "SID": "S02", "Team1_Score": "1", "Team2_Score": "0", "TeamID1": "C1", "TeamID2": "G1"}
{"GameID": "G62", "MatchDate": "7/11/2018", "MatchType": "S", "SID": "S01", "Team1_Score": "2", "Team2_Score": "1", "TeamID1": "D3", "TeamID2": "G4"}
{"GameID": "G63", "MatchDate": "7/14/2018", "MatchType": "P", "SID": "S02", "Team1_Score": "2", "Team2_Score": "0", "TeamID1": "G1", "TeamID2": "G4"}
{"GameID": "G64", "MatchDate": "7/15/2018", "MatchType": "L", "SID": "S01", "Team1_Score": "4", "Team2_Score": "2", "TeamID1": "C1", "TeamID2": "D3"}
