{"GameID": "G01", "PNo": "8", "Penalty": "N", "TeamID": "A1", "Time": "12"}
{"GameID": "G01", "PNo": "6", "Penalty": "N", "TeamID": "A1", "Time": "43"}
{"GameID": "G01", "PNo": "22", "Penalty": "N", "TeamID": "A1", "Time": "71"}
{"GameID": "G01", "PNo": "6", "Penalty": "N", "TeamID": "A1", "Time": "91"}
{"GameID": "G01", "PNo": "17", "Penalty": "N", "TeamID": "A1", "Time": "94"}
{"GameID": "G02", "PNo": "2", "Penalty": "N", "TeamID": "A4", "Time": "89"}
{"GameID": "G04", "PNo": "7", "Penalty": "Y", "TeamID": "B1", "Time": "4"}
{"GameID": "G04", "PNo": "7", "Penalty": "N", "TeamID": "B1", "Time": "44"}
{"GameID": "G04", "PNo": "7", "Penalty": "N", "TeamID": "B1", "Time": "88"}
{"GameID": "G04", "PNo": "19", "Penalty": "N", "TeamID": "B2", "Time": "24"}
{"GameID": "G04", "PNo": "19", "Penalty": "N", "TeamID": "B2", "Time": "55"}
{"GameID": "G04", "PNo": "4", "Penalty": "N", "TeamID": "B2", "Time": "58"}
{"GameID": "G05", "PNo": "7", "Penalty": "Y", "TeamID": "C1", "Time": "58"}
{"GameID": "G05", "PNo": "15", "Penalty": "Y", "TeamID": "C2", "Time": "62"}
{"GameID": "G06", "PNo": "19", "Penalty": "N", "TeamID": "D1", "Time": "19"}
{"GameID": "G06", "PNo": "11", "Penalty": "N", "TeamID": "D2", "Time": "23"}
{"GameID": "G07", "PNo": "20", "Penalty": "N", "TeamID": "C4", "Time": "59"}
{"GameID": "G08", "PNo": "10", "Penalty": "Y", "TeamID": "D3", "Time": "71"}
{"GameID": "G09", "PNo": "11", "Penalty": "N", "TeamID": "E4", "Time": "56"}
{"GameID": "G10", "PNo": "22", "Penalty": "N", "TeamID": "F2", "Time": "35"}
{"GameID": "G11", "PNo": "11", "Penalty": "N", "TeamID": "E1", "Time": "20"}
{"GameID": "G11", "PNo": "14", "Penalty": "N", "TeamID": "E2", "Time": "50"}
{"GameID": "G12", "PNo": "4", "Penalty": "Y", "TeamID": "F3", "Time": "65"}
{"GameID": "G13", "PNo": "14", "Penalty": "N", "TeamID": "G1", "Time": "47"}
{"GameID": "G13", "PNo": "9", "Penalty": "N", "TeamID": "G1", "Time": "69"}
{"GameID": "G13", "PNo": "9", "Penalty": "N", "TeamID": "G1", "Time": "75"}
{"GameID": "G14", "PNo": "13", "Penalty": "Y", "TeamID": "G3", "Time": "35"}
{"GameID": "G14", "PNo": "9", "Penalty": "N", "TeamID": "G4", "Time": "11"}
{"GameID": "G14", "PNo": "9", "Penalty": "N", "TeamID": "G4", "Time": "91"}
{"GameID": "G15", "PNo": "20", "Penalty": "N", "TeamID": "H3", "Time": "39"}
{"GameID": "G15", "PNo": "10", "Penalty": "Y", "TeamID": "H4", "Time": "6"}
{"GameID": "G15", "PNo": "15", "Penalty": "N", "TeamID": "H4", "Time": "73"}
{"GameID": "G16", "PNo": "10", "Penalty": "N", "TeamID": "H1", "Time": "86"}
{"GameID": "G16", "PNo": "19", "Penalty": "N", "TeamID": "H2", "Time": "60"}
{"GameID": "G17", "PNo": "6", "Penalty": "N", "TeamID": "A1", "Time": "59"}
{"GameID": "G17", "PNo": "22", "Penalty": "N", "TeamID": "A1", "Time": "62"}
{"GameID": "G17", "PNo": "10", "Penalty": "Y", "TeamID": "A3", "Time": "73"}
{"GameID": "G18", "PNo": "7", "Penalty": "N", "TeamID": "B1", "Time": "4"}
{"GameID": "G19", "PNo": "9", "Penalty": "N", "TeamID": "A4", "Time": "23"}
{"GameID": "G20", "PNo": "19", "Penalty": "N", "TeamID": "B2", "Time": "54"}
{"GameID": "G21", "PNo": "10", "Penalty": "N", "TeamID": "C4", "Time": "7"}
{"GameID": "G21", "PNo": "15", "Penalty": "Y", "TeamID": "C2", "Time": "38"}
{"GameID": "G22", "PNo": "10", "Penalty": "N", "TeamID": "C1", "Time": "34"}
{"GameID": "G23", "PNo": "7", "Penalty": "N", "TeamID": "D3", "Time": "91"}
{"GameID": "G23", "PNo": "10", "Penalty": "N", "TeamID": "D3", "Time": "80"}
{"GameID": "G23", "PNo": "18", "Penalty": "N", "TeamID": "D3", "Time": "53"}
{"GameID": "G24", "PNo": "10", "Penalty": "N", "TeamID": "E1", "Time": "91"}
{"GameID": "G24", "PNo": "11", "Penalty": "N", "TeamID": "E1", "Time": "97"}
{"GameID": "G25", "PNo": "7", "Penalty": "N", "TeamID": "D4", "Time": "49"}
{"GameID": "G25", "PNo": "7", "Penalty": "N", "TeamID": "D4", "Time": "75"}
{"GameID": "G26", "PNo": "9", "Penalty": "N", "TeamID": "E4", "Time": "5"}
{"GameID": "G26", "PNo": "10", "Penalty": "N", "TeamID": "E2", "Time": "52"}
{"GameID": "G26", "PNo": "23", "Penalty": "N", "TeamID": "E2", "Time": "90"}
{"GameID": "G27", "PNo": "9", "Penalty": "N", "TeamID": "G1", "Time": "16"}
{"GameID": "G27", "PNo": "9", "Penalty": "N", "TeamID": "G1", "Time": "45"}
{"GameID": "G27", "PNo": "10", "Penalty": "Y", "TeamID": "G1", "Time": "6"}
{"GameID": "G27", "PNo": "10", "Penalty": "N", "TeamID": "G1", "Time": "51"}
{"GameID": "G27", "PNo": "21", "Penalty": "N", "TeamID": "G1", "Time": "90"}
{"GameID": "G27", "PNo": "10", "Penalty": "N", "TeamID": "G3", "Time": "93"}
{"GameID": "G27", "PNo": "11", "Penalty": "N", "TeamID": "G3", "Time": "18"}
{"GameID": "G28", "PNo": "7", "Penalty": "N", "TeamID": "F4", "Time": "93"}
{"GameID": "G28", "PNo": "11", "Penalty": "Y", "TeamID": "F2", "Time": "26"}
{"GameID": "G28", "PNo": "14", "Penalty": "N", "TeamID": "F2", "Time": "66"}
{"GameID": "G29", "PNo": "8", "Penalty": "N", "TeamID": "F1", "Time": "95"}
{"GameID": "G29", "PNo": "11", "Penalty": "N", "TeamID": "F1", "Time": "48"}
{"GameID": "G29", "PNo": "20", "Penalty": "N", "TeamID": "F3", "Time": "32"}
{"GameID": "G30", "PNo": "5", "Penalty": "N", "TeamID": "G4", "Time": "8"}
{"GameID": "G30", "PNo": "5", "Penalty": "N", "TeamID": "G4", "Time": "40"}
{"GameID": "G30", "PNo": "7", "Penalty": "N", "TeamID": "G4", "Time": "36"}
{"GameID": "G30", "PNo": "9", "Penalty": "Y", "TeamID": "G4", "Time": "22"}
{"GameID": "G30", "PNo": "9", "Penalty": "N", "TeamID": "G4", "Time": "62"}
{"GameID": "G30", "PNo": "9", "Penalty": "Y", "TeamID": "G4", "Time": "45"}
{"GameID": "G30", "PNo": "23", "Penalty": "N", "TeamID": "G2", "Time": "78"}
{"GameID": "G31", "PNo": "14", "Penalty": "N", "TeamID": "H4", "Time": "34"}
{"GameID": "G31", "PNo": "4", "Penalty": "N", "TeamID": "H4", "Time": "78"}
{"GameID": "G31", "PNo": "10", "Penalty": "N", "TeamID": "H2", "Time": "11"}
{"GameID": "G31", "PNo": "22", "Penalty": "N", "TeamID": "H2", "Time": "71"}
{"GameID": "G32", "PNo": "9", "Penalty": "N", "TeamID": "H3", "Time": "70"}
{"GameID": "G32", "PNo": "11", "Penalty": "N", "TeamID": "H3", "Time": "75"}
{"GameID": "G32", "PNo": "13", "Penalty": "N", "TeamID": "H3", "Time": "40"}
{"GameID": "G33", "PNo": "9", "Penalty": "N", "TeamID": "A4", "Time": "10"}
{"GameID": "G33", "PNo": "21", "Penalty": "N", "TeamID": "A4", "Time": "90"}
{"GameID": "G34", "PNo": "7", "Penalty": "Y", "TeamID": "A2", "Time": "45"}
{"GameID": "G34", "PNo": "18", "Penalty": "N", "TeamID": "A2", "Time": "95"}
{"GameID": "G34", "PNo": "10", "Penalty": "N", "TeamID": "A3", "Time": "23"}
{"GameID": "G35", "PNo": "22", "Penalty": "N", "TeamID": "B2", "Time": "19"}
{"GameID": "G35", "PNo": "17", "Penalty": "N", "TeamID": "B2", "Time": "91"}
{"GameID": "G35", "PNo": "13", "Penalty": "N", "TeamID": "B3", "Time": "14"}
{"GameID": "G35", "PNo": "19", "Penalty": "N", "TeamID": "B3", "Time": "81"}
{"GameID": "G36", "PNo": "10", "Penalty": "Y", "TeamID": "B4", "Time": "93"}
{"GameID": "G36", "PNo": "20", "Penalty": "N", "TeamID": "B1", "Time": "45"}
{"GameID": "G37", "PNo": "9", "Penalty": "N", "TeamID": "C3", "Time": "50"}
{"GameID": "G37", "PNo": "18", "Penalty": "N", "TeamID": "C3", "Time": "18"}
{"GameID": "G39", "PNo": "11", "Penalty": "Y", "TeamID": "D4", "Time": "51"}
{"GameID": "G39", "PNo": "10", "Penalty": "N", "TeamID": "D1", "Time": "14"}
{"GameID": "G39", "PNo": "16", "Penalty": "N", "TeamID": "D1", "Time": "86"}
{"GameID": "G40", "PNo": "10", "Penalty": "Y", "TeamID": "D2", "Time": "76"}
{"GameID": "G40", "PNo": "4", "Penalty": "N", "TeamID": "D3", "Time": "90"}
{"GameID": "G40", "PNo": "19", "Penalty": "N", "TeamID": "D3", "Time": "53"}
{"GameID": "G41", "PNo": "7", "Penalty": "N", "TeamID": "F4", "Time": "96"}
{"GameID": "G41", "PNo": "19", "Penalty": "N", "TeamID": "F4", "Time": "93"}
{"GameID": "G42", "PNo": "4", "Penalty": "Y", "TeamID": "F3", "Time": "62"}
{"GameID": "G42", "PNo": "6", "Penalty": "N", "TeamID": "F3", "Time": "50"}
{"GameID": "G43", "PNo": "2", "Penalty": "N", "TeamID": "E1", "Time": "68"}
{"GameID": "G43", "PNo": "15", "Penalty": "N", "TeamID": "E1", "Time": "36"}
{"GameID": "G44", "PNo": "15", "Penalty": "N", "TeamID": "E2", "Time": "31"}
{"GameID": "G44", "PNo": "19", "Penalty": "N", "TeamID": "E2", "Time": "88"}
{"GameID": "G44", "PNo": "19", "Penalty": "N", "TeamID": "E3", "Time": "56"}
{"GameID": "G45", "PNo": "5", "Penalty": "N", "TeamID": "H1", "Time": "59"}
{"GameID": "G46", "PNo": "13", "Penalty": "N", "TeamID": "H3", "Time": "74"}
{"GameID": "G47", "PNo": "8", "Penalty": "N", "TeamID": "G3", "Time": "51"}
{"GameID": "G47", "PNo": "10", "Penalty": "N", "TeamID": "G3", "Time": "66"}
{"GameID": "G48", "PNo": "18", "Penalty": "N", "TeamID": "G1", "Time": "51"}
{"GameID": "G49", "PNo": "21", "Penalty": "N", "TeamID": "A4", "Time": "7"}
{"GameID": "G49", "PNo": "21", "Penalty": "N", "TeamID": "A4", "Time": "62"}
{"GameID": "G49", "PNo": "3", "Penalty": "N", "TeamID": "B1", "Time": "55"}
{"GameID": "G50", "PNo": "2", "Penalty": "N", "TeamID": "C1", "Time": "57"}
{"GameID": "G50", "PNo": "7", "Penalty": "Y", "TeamID": "C1", "Time": "13"}
{"GameID": "G50", "PNo": "10", "Penalty": "N", "TeamID": "C1", "Time": "64"}
{"GameID": "G50", "PNo": "10", "Penalty": "N", "TeamID": "C1", "Time": "68"}
{"GameID": "G50", "PNo": "2", "Penalty": "N", "TeamID": "D1", "Time": "48"}
{"GameID": "G50", "PNo": "11", "Penalty": "N", "TeamID": "D1", "Time": "41"}
{"GameID": "G50", "PNo": "19", "Penalty": "N", "TeamID": "D1", "Time": "93"}
{"GameID": "G51", "PNo": "22", "Penalty": "Y", "TeamID": "A1", "Time": "41"}
{"GameID": "G52", "PNo": "17", "Penalty": "N", "TeamID": "D3", "Time": "4"}
{"GameID": "G52", "PNo": "13", "Penalty": "N", "TeamID": "C4", "Time": "1"}
{"GameID": "G53", "PNo": "10", "Penalty": "N", "TeamID": "E1", "Time": "51"}
{"GameID": "G53", "PNo": "20", "Penalty": "N", "TeamID": "E1", "Time": "88"}
{"GameID": "G54", "PNo": "5", "Penalty": "N", "TeamID": "G1", "Time": "69"}
{"GameID": "G54", "PNo": "8", "Penalty": "N", "TeamID": "G1", "Time": "74"}
{"GameID": "G54", "PNo": "22", "Penalty": "N", "TeamID": "G1", "Time": "94"}
{"GameID": "G54", "PNo": "8", "Penalty": "N", "TeamID": "H4", "Time": "48"}
{"GameID": "G54", "PNo": "14", "Penalty": "N", "TeamID": "H4", "Time": "52"}
{"GameID": "G55", "PNo": "10", "Penalty": "N", "TeamID": "F3", "Time": "66"}
{"GameID": "G56", "PNo": "13", "Penalty": "N", "TeamID": "H3", "Time": "93"}
{"GameID": "G56", "PNo": "9", "Penalty": "Y", "TeamID": "G4", "Time": "57"}
{"GameID": "G57", "PNo": "4", "Penalty": "N", "TeamID": "C1", "Time": "40"}
{"GameID": "G57", "PNo": "7", "Penalty": "N", "TeamID": "C1", "Time": "61"}
{"GameID": "G58", "PNo": "8", "Penalty": "N", "TeamID": "E1", "Time": "76"}
{"GameID": "G58", "PNo": "7", "Penalty": "N", "TeamID": "G1", "Time": "31"}
{"GameID": "G59", "PNo": "2", "Penalty": "N", "TeamID": "A1", "Time": "115"}
{"GameID": "G59", "PNo": "6", "Penalty": "N", "TeamID": "A1", "Time": "31"}
{"GameID": "G59", "PNo": "9", "Penalty": "N", "TeamID": "D3", "Time": "39"}
{"GameID": "G59", "PNo": "21", "Penalty": "N", "TeamID": "D3", "Time": "101"}
{"GameID": "G60", "PNo": "6", "Penalty": "N", "TeamID": "G4", "Time": "30"}
{"GameID": "G60", "PNo": "20", "Penalty": "N", "TeamID": "G4", "Time": "59"}
{"GameID": "G61", "PNo": "5", "Penalty": "N", "TeamID": "C1", "Time": "51"}
{"GameID": "G62", "PNo": "4", "Penalty": "N", "TeamID": "D3", "Time": "68"}
{"GameID": "G62", "PNo": "17", "Penalty": "N", "TeamID": "D3", "Time": "109"}
{"GameID": "G62", "PNo": "12", "Penalty": "N", "TeamID": "G4", "Time": "5"}
{"GameID": "G63", "PNo": "10", "Penalty": "N", "TeamID": "G1", "Time": "82"}
{"GameID": "G63", "PNo": "15", "Penalty": "N", "TeamID": "G1", "Time": "4"}
{"GameID": "G64", "PNo": "6", "Penalty": "N", "TeamID": "C1", "Time": "59"}
{"GameID": "G64", "PNo": "7", "Penalty": "Y", "TeamID": "C1", "Time": "38"}
{"GameID": "G64", "PNo": "10", "Penalty": "N", "TeamID": "C1", "Time": "65"}
{"GameID": "G64", "PNo": "4", "Penalty": "N", "TeamID": "D3", "Time": "28"}
{"GameID": "G64", "PNo": "17", "Penalty": "N", "TeamID": "D3", "Time": "69"}
