{"SCapacity": "80000", "SCity": "Moscow", "SID": "S01", "SName": "Luzhniki Stadium"}
{"SCapacity": "67000", "SCity": "Saint Petersburg", "SID": "S02", "SName": "Saint Petersburg Stadium"}
{"SCapacity": "48000", "SCity": "Sochi", "SID": "S03", "SName": "Fisht Stadium"}
{"SCapacity": "45000", "SCity": "Ekaterinburg", "SID": "S04", "SName": "Ekaterinburg Arena"}
{"SCapacity": "45000", "SCity": "Kazan", "SID": "S05", "SName": "Kazan Arena"}
{"SCapacity": "45000", "SCity": "Nizhny Novgorod", "SID": "S06", "SName": "Nizhny Novgorod Stadium"}
{"SCapacity": "45000", "SCity": "Rostov-on-Don", "SID": "S07", "SName": "Rostov Arena"}
{"SCapacity": "45000", "SCity": "Samara", "SID": "S08", "SName": "Samara Arena"}
{"SCapacity": "45000", "SCity": "Saransk", "SID": "S09", "SName": "Mordovia Arena"}
{"SCapacity": "45000", "SCity": "Volgograd", "SID": "S10", "SName": "Volgograd Stadium"}
{"SCapacity": "42000", "SCity": "Moscow", "SID": "S11", "SName": "Spartak Stadium"}
{"SCapacity": "35000", "SCity": "Kaliningrad", "SID": "S12", "SName": "Kaliningrad Stadium"}
