{"GameID": "G01", "PNo": "1", "TeamID": "A1"}
{"GameID": "G01", "PNo": "2", "TeamID": "A1"}
{"GameID": "G01", "PNo": "3", "TeamID": "A1"}
{"GameID": "G01", "PNo": "4", "TeamID": "A1"}
{"GameID": "G01", "PNo": "8", "TeamID": "A1"}
{"GameID": "G01", "PNo": "9", "TeamID": "A1"}
{"GameID": "G01", "PNo": "10", "TeamID": "A1"}
{"GameID": "G01", "PNo": "11", "TeamID": "A1"}
{"GameID": "G01", "PNo": "17", "TeamID": "A1"}
{"GameID": "G01", "PNo": "18", "TeamID": "A1"}
{"GameID": "G01", "PNo": "19", "TeamID": "A1"}
{"GameID": "G01", "PNo": "1", "TeamID": "A2"}
{"GameID": "G01", "PNo": "3", "TeamID": "A2"}
{"GameID": "G01", "PNo": "5", "TeamID": "A2"}
{"GameID": "G01", "PNo": "6", "TeamID": "A2"}
{"GameID": "G01", "PNo": "7", "TeamID": "A2"}
{"GameID": "G01", "PNo": "8", "TeamID": "A2"}
{"GameID": "G01", "PNo": "10", "TeamID": "A2"}
{"GameID": "G01", "PNo": "13", "TeamID": "A2"}
{"GameID": "G01", "PNo": "14", "TeamID": "A2"}
{"GameID": "G01", "PNo": "17", "TeamID": "A2"}
{"GameID": "G01", "PNo": "18", "TeamID": "A2"}
{"GameID": "G02", "PNo": "23", "TeamID": "A3"}
{"GameID": "G02", "PNo": "2", "TeamID": "A3"}
{"GameID": "G02", "PNo": "6", "TeamID": "A3"}
{"GameID": "G02", "PNo": "7", "TeamID": "A3"}
{"GameID": "G02", "PNo": "8", "TeamID": "A3"}
{"GameID": "G02", "PNo": "9", "TeamID": "A3"}
{"GameID": "G02", "PNo": "13", "TeamID": "A3"}
{"GameID": "G02", "PNo": "17", "TeamID": "A3"}
{"GameID": "G02", "PNo": "19", "TeamID": "A3"}
{"GameID": "G02", "PNo": "21", "TeamID": "A3"}
{"GameID": "G02", "PNo": "22", "TeamID": "A3"}
{"GameID": "G02", "PNo": "1", "TeamID": "A4"}
{"GameID": "G02", "PNo": "2", "TeamID": "A4"}
{"GameID": "G02", "PNo": "3", "TeamID": "A4"}
{"GameID": "G02", "PNo": "4", "TeamID": "A4"}
{"GameID": "G02", "PNo": "6", "TeamID": "A4"}
{"GameID": "G02", "PNo": "8", "TeamID": "A4"}
{"GameID": "G02", "PNo": "9", "TeamID": "A4"}
{"GameID": "G02", "PNo": "10", "TeamID": "A4"}
{"GameID": "G02", "PNo": "15", "TeamID": "A4"}
{"GameID": "G02", "PNo": "21", "TeamID": "A4"}
{"GameID": "G02", "PNo": "22", "TeamID": "A4"}
{"GameID": "G03", "PNo": "12", "TeamID": "B3"}
{"GameID": "G03", "PNo": "2", "TeamID": "B3"}
{"GameID": "G03", "PNo": "5", "TeamID": "B3"}
{"GameID": "G03", "PNo": "6", "TeamID": "B3"}
{"GameID": "G03", "PNo": "7", "TeamID": "B3"}
{"GameID": "G03", "PNo": "8", "TeamID": "B3"}
{"GameID": "G03", "PNo": "9", "TeamID": "B3"}
{"GameID": "G03", "PNo": "10", "TeamID": "B3"}
{"GameID": "G03", "PNo": "14", "TeamID": "B3"}
{"GameID": "G03", "PNo": "16", "TeamID": "B3"}
{"GameID": "G03", "PNo": "18", "TeamID": "B3"}
{"GameID": "G03", "PNo": "1", "TeamID": "B4"}
{"GameID": "G03", "PNo": "3", "TeamID": "B4"}
{"GameID": "G03", "PNo": "4", "TeamID": "B4"}
{"GameID": "G03", "PNo": "7", "TeamID": "B4"}
{"GameID": "G03", "PNo": "8", "TeamID": "B4"}
{"GameID": "G03", "PNo": "9", "TeamID": "B4"}
{"GameID": "G03", "PNo": "10", "TeamID": "B4"}
{"GameID": "G03", "PNo": "11", "TeamID": "B4"}
{"GameID": "G03", "PNo": "18", "TeamID": "B4"}
{"GameID": "G03", "PNo": "20", "TeamID": "B4"}
{"GameID": "G03", "PNo": "23", "TeamID": "B4"}
{"GameID": "G04", "PNo": "1", "TeamID": "B1"}
{"GameID": "G04", "PNo": "3", "TeamID": "B1"}
{"GameID": "G04", "PNo": "5", "TeamID": "B1"}
{"GameID": "G04", "PNo": "6", "TeamID": "B1"}
{"GameID": "G04", "PNo": "7", "TeamID": "B1"}
{"GameID": "G04", "PNo": "8", "TeamID": "B1"}
{"GameID": "G04", "PNo": "11", "TeamID": "B1"}
{"GameID": "G04", "PNo": "14", "TeamID": "B1"}
{"GameID": "G04", "PNo": "16", "TeamID": "B1"}
{"GameID": "G04", "PNo": "17", "TeamID": "B1"}
{"GameID": "G04", "PNo": "21", "TeamID": "B1"}
{"GameID": "G04", "PNo": "1", "TeamID": "B2"}
{"GameID": "G04", "PNo": "3", "TeamID": "B2"}
{"GameID": "G04", "PNo": "4", "TeamID": "B2"}
{"GameID": "G04", "PNo": "5", "TeamID": "B2"}
{"GameID": "G04", "PNo": "6", "TeamID": "B2"}
{"GameID": "G04", "PNo": "8", "TeamID": "B2"}
{"GameID": "G04", "PNo": "15", "TeamID": "B2"}
{"GameID": "G04", "PNo": "18", "TeamID": "B2"}
{"GameID": "G04", "PNo": "19", "TeamID": "B2"}
{"GameID": "G04", "PNo": "21", "TeamID": "B2"}
{"GameID": "G04", "PNo": "22", "TeamID": "B2"}
{"GameID": "G05", "PNo": "1", "TeamID": "C1"}
{"GameID": "G05", "PNo": "2", "TeamID": "C1"}
{"GameID": "G05", "PNo": "4", "TeamID": "C1"}
{"GameID": "G05", "PNo": "5", "TeamID": "C1"}
{"GameID": "G05", "PNo": "6", "TeamID": "C1"}
{"GameID": "G05", "PNo": "7", "TeamID": "C1"}
{"GameID": "G05", "PNo": "10", "TeamID": "C1"}
{"GameID": "G05", "PNo": "11", "TeamID": "C1"}
{"GameID": "G05", "PNo": "12", "TeamID": "C1"}
{"GameID": "G05", "PNo": "13", "TeamID": "C1"}
{"GameID": "G05", "PNo": "21", "TeamID": "C1"}
{"GameID": "G05", "PNo": "1", "TeamID": "C2"}
{"GameID": "G05", "PNo": "5", "TeamID": "C2"}
{"GameID": "G05", "PNo": "7", "TeamID": "C2"}
{"GameID": "G05", "PNo": "10", "TeamID": "C2"}
{"GameID": "G05", "PNo": "11", "TeamID": "C2"}
{"GameID": "G05", "PNo": "13", "TeamID": "C2"}
{"GameID": "G05", "PNo": "15", "TeamID": "C2"}
{"GameID": "G05", "PNo": "16", "TeamID": "C2"}
{"GameID": "G05", "PNo": "19", "TeamID": "C2"}
{"GameID": "G05", "PNo": "20", "TeamID": "C2"}
{"GameID": "G05", "PNo": "23", "TeamID": "C2"}
{"GameID": "G06", "PNo": "23", "TeamID": "D1"}
{"GameID": "G06", "PNo": "3", "TeamID": "D1"}
{"GameID": "G06", "PNo": "5", "TeamID": "D1"}
{"GameID": "G06", "PNo": "10", "TeamID": "D1"}
{"GameID": "G06", "PNo": "11", "TeamID": "D1"}
{"GameID": "G06", "PNo": "13", "TeamID": "D1"}
{"GameID": "G06", "PNo": "14", "TeamID": "D1"}
{"GameID": "G06", "PNo": "16", "TeamID": "D1"}
{"GameID": "G06", "PNo": "17", "TeamID": "D1"}
{"GameID": "G06", "PNo": "18", "TeamID": "D1"}
{"GameID": "G06", "PNo": "19", "TeamID": "D1"}
{"GameID": "G06", "PNo": "1", "TeamID": "D2"}
{"GameID": "G06", "PNo": "2", "TeamID": "D2"}
{"GameID": "G06", "PNo": "6", "TeamID": "D2"}
{"GameID": "G06", "PNo": "7", "TeamID": "D2"}
{"GameID": "G06", "PNo": "8", "TeamID": "D2"}
{"GameID": "G06", "PNo": "10", "TeamID": "D2"}
{"GameID": "G06", "PNo": "11", "TeamID": "D2"}
{"GameID": "G06", "PNo": "14", "TeamID": "D2"}
{"GameID": "G06", "PNo": "17", "TeamID": "D2"}
{"GameID": "G06", "PNo": "18", "TeamID": "D2"}
{"GameID": "G06", "PNo": "20", "TeamID": "D2"}
{"GameID": "G07", "PNo": "1", "TeamID": "C3"}
{"GameID": "G07", "PNo": "2", "TeamID": "C3"}
{"GameID": "G07", "PNo": "6", "TeamID": "C3"}
{"GameID": "G07", "PNo": "8", "TeamID": "C3"}
{"GameID": "G07", "PNo": "10", "TeamID": "C3"}
{"GameID": "G07", "PNo": "13", "TeamID": "C3"}
{"GameID": "G07", "PNo": "15", "TeamID": "C3"}
{"GameID": "G07", "PNo": "17", "TeamID": "C3"}
{"GameID": "G07", "PNo": "18", "TeamID": "C3"}
{"GameID": "G07", "PNo": "19", "TeamID": "C3"}
{"GameID": "G07", "PNo": "20", "TeamID": "C3"}
{"GameID": "G07", "PNo": "1", "TeamID": "C4"}
{"GameID": "G07", "PNo": "4", "TeamID": "C4"}
{"GameID": "G07", "PNo": "6", "TeamID": "C4"}
{"GameID": "G07", "PNo": "7", "TeamID": "C4"}
{"GameID": "G07", "PNo": "8", "TeamID": "C4"}
{"GameID": "G07", "PNo": "9", "TeamID": "C4"}
{"GameID": "G07", "PNo": "10", "TeamID": "C4"}
{"GameID": "G07", "PNo": "14", "TeamID": "C4"}
{"GameID": "G07", "PNo": "17", "TeamID": "C4"}
{"GameID": "G07", "PNo": "20", "TeamID": "C4"}
{"GameID": "G07", "PNo": "23", "TeamID": "C4"}
{"GameID": "G08", "PNo": "23", "TeamID": "D3"}
{"GameID": "G08", "PNo": "2", "TeamID": "D3"}
{"GameID": "G08", "PNo": "3", "TeamID": "D3"}
{"GameID": "G08", "PNo": "4", "TeamID": "D3"}
{"GameID": "G08", "PNo": "6", "TeamID": "D3"}
{"GameID": "G08", "PNo": "7", "TeamID": "D3"}
{"GameID": "G08", "PNo": "9", "TeamID": "D3"}
{"GameID": "G08", "PNo": "10", "TeamID": "D3"}
{"GameID": "G08", "PNo": "17", "TeamID": "D3"}
{"GameID": "G08", "PNo": "18", "TeamID": "D3"}
{"GameID": "G08", "PNo": "21", "TeamID": "D3"}
{"GameID": "G08", "PNo": "23", "TeamID": "D4"}
{"GameID": "G08", "PNo": "2", "TeamID": "D4"}
{"GameID": "G08", "PNo": "4", "TeamID": "D4"}
{"GameID": "G08", "PNo": "5", "TeamID": "D4"}
{"GameID": "G08", "PNo": "6", "TeamID": "D4"}
{"GameID": "G08", "PNo": "8", "TeamID": "D4"}
{"GameID": "G08", "PNo": "9", "TeamID": "D4"}
{"GameID": "G08", "PNo": "10", "TeamID": "D4"}
{"GameID": "G08", "PNo": "11", "TeamID": "D4"}
{"GameID": "G08", "PNo": "12", "TeamID": "D4"}
{"GameID": "G08", "PNo": "18", "TeamID": "D4"}
{"GameID": "G09", "PNo": "1", "TeamID": "E3"}
{"GameID": "G09", "PNo": "2", "TeamID": "E3"}
{"GameID": "G09", "PNo": "3", "TeamID": "E3"}
{"GameID": "G09", "PNo": "5", "TeamID": "E3"}
{"GameID": "G09", "PNo": "6", "TeamID": "E3"}
{"GameID": "G09", "PNo": "10", "TeamID": "E3"}
{"GameID": "G09", "PNo": "11", "TeamID": "E3"}
{"GameID": "G09", "PNo": "15", "TeamID": "E3"}
{"GameID": "G09", "PNo": "16", "TeamID": "E3"}
{"GameID": "G09", "PNo": "20", "TeamID": "E3"}
{"GameID": "G09", "PNo": "21", "TeamID": "E3"}
{"GameID": "G09", "PNo": "1", "TeamID": "E4"}
{"GameID": "G09", "PNo": "3", "TeamID": "E4"}
{"GameID": "G09", "PNo": "4", "TeamID": "E4"}
{"GameID": "G09", "PNo": "6", "TeamID": "E4"}
{"GameID": "G09", "PNo": "9", "TeamID": "E4"}
{"GameID": "G09", "PNo": "10", "TeamID": "E4"}
{"GameID": "G09", "PNo": "11", "TeamID": "E4"}
{"GameID": "G09", "PNo": "15", "TeamID": "E4"}
{"GameID": "G09", "PNo": "20", "TeamID": "E4"}
{"GameID": "G09", "PNo": "21", "TeamID": "E4"}
{"GameID": "G09", "PNo": "22", "TeamID": "E4"}
{"GameID": "G10", "PNo": "1", "TeamID": "F1"}
{"GameID": "G10", "PNo": "2", "TeamID": "F1"}
{"GameID": "G10", "PNo": "5", "TeamID": "F1"}
{"GameID": "G10", "PNo": "6", "TeamID": "F1"}
{"GameID": "G10", "PNo": "7", "TeamID": "F1"}
{"GameID": "G10", "PNo": "8", "TeamID": "F1"}
{"GameID": "G10", "PNo": "9", "TeamID": "F1"}
{"GameID": "G10", "PNo": "10", "TeamID": "F1"}
{"GameID": "G10", "PNo": "13", "TeamID": "F1"}
{"GameID": "G10", "PNo": "17", "TeamID": "F1"}
{"GameID": "G10", "PNo": "18", "TeamID": "F1"}
{"GameID": "G10", "PNo": "13", "TeamID": "F2"}
{"GameID": "G10", "PNo": "2", "TeamID": "F2"}
{"GameID": "G10", "PNo": "3", "TeamID": "F2"}
{"GameID": "G10", "PNo": "7", "TeamID": "F2"}
{"GameID": "G10", "PNo": "11", "TeamID": "F2"}
{"GameID": "G10", "PNo": "14", "TeamID": "F2"}
{"GameID": "G10", "PNo": "15", "TeamID": "F2"}
{"GameID": "G10", "PNo": "16", "TeamID": "F2"}
{"GameID": "G10", "PNo": "18", "TeamID": "F2"}
{"GameID": "G10", "PNo": "22", "TeamID": "F2"}
{"GameID": "G10", "PNo": "23", "TeamID": "F2"}
{"GameID": "G11", "PNo": "1", "TeamID": "E1"}
{"GameID": "G11", "PNo": "2", "TeamID": "E1"}
{"GameID": "G11", "PNo": "3", "TeamID": "E1"}
{"GameID": "G11", "PNo": "5", "TeamID": "E1"}
{"GameID": "G11", "PNo": "9", "TeamID": "E1"}
{"GameID": "G11", "PNo": "10", "TeamID": "E1"}
{"GameID": "G11", "PNo": "11", "TeamID": "E1"}
{"GameID": "G11", "PNo": "12", "TeamID": "E1"}
{"GameID": "G11", "PNo": "14", "TeamID": "E1"}
{"GameID": "G11", "PNo": "15", "TeamID": "E1"}
{"GameID": "G11", "PNo": "19", "TeamID": "E1"}
{"GameID": "G11", "PNo": "1", "TeamID": "E2"}
{"GameID": "G11", "PNo": "2", "TeamID": "E2"}
{"GameID": "G11", "PNo": "5", "TeamID": "E2"}
{"GameID": "G11", "PNo": "9", "TeamID": "E2"}
{"GameID": "G11", "PNo": "10", "TeamID": "E2"}
{"GameID": "G11", "PNo": "11", "TeamID": "E2"}
{"GameID": "G11", "PNo": "13", "TeamID": "E2"}
{"GameID": "G11", "PNo": "14", "TeamID": "E2"}
{"GameID": "G11", "PNo": "15", "TeamID": "E2"}
{"GameID": "G11", "PNo": "22", "TeamID": "E2"}
{"GameID": "G11", "PNo": "23", "TeamID": "E2"}
{"GameID": "G12", "PNo": "1", "TeamID": "F3"}
{"GameID": "G12", "PNo": "2", "TeamID": "F3"}
{"GameID": "G12", "PNo": "4", "TeamID": "F3"}
{"GameID": "G12", "PNo": "6", "TeamID": "F3"}
{"GameID": "G12", "PNo": "7", "TeamID": "F3"}
{"GameID": "G12", "PNo": "8", "TeamID": "F3"}
{"GameID": "G12", "PNo": "9", "TeamID": "F3"}
{"GameID": "G12", "PNo": "10", "TeamID": "F3"}
{"GameID": "G12", "PNo": "17", "TeamID": "F3"}
{"GameID": "G12", "PNo": "18", "TeamID": "F3"}
{"GameID": "G12", "PNo": "20", "TeamID": "F3"}
{"GameID": "G12", "PNo": "23", "TeamID": "F4"}
{"GameID": "G12", "PNo": "2", "TeamID": "F4"}
{"GameID": "G12", "PNo": "6", "TeamID": "F4"}
{"GameID": "G12", "PNo": "7", "TeamID": "F4"}
{"GameID": "G12", "PNo": "9", "TeamID": "F4"}
{"GameID": "G12", "PNo": "11", "TeamID": "F4"}
{"GameID": "G12", "PNo": "13", "TeamID": "F4"}
{"GameID": "G12", "PNo": "16", "TeamID": "F4"}
{"GameID": "G12", "PNo": "17", "TeamID": "F4"}
{"GameID": "G12", "PNo": "19", "TeamID": "F4"}
{"GameID": "G12", "PNo": "20", "TeamID": "F4"}
{"GameID": "G13", "PNo": "1", "TeamID": "G1"}
{"GameID": "G13", "PNo": "2", "TeamID": "G1"}
{"GameID": "G13", "PNo": "5", "TeamID": "G1"}
{"GameID": "G13", "PNo": "6", "TeamID": "G1"}
{"GameID": "G13", "PNo": "7", "TeamID": "G1"}
{"GameID": "G13", "PNo": "9", "TeamID": "G1"}
{"GameID": "G13", "PNo": "10", "TeamID": "G1"}
{"GameID": "G13", "PNo": "11", "TeamID": "G1"}
{"GameID": "G13", "PNo": "14", "TeamID": "G1"}
{"GameID": "G13", "PNo": "15", "TeamID": "G1"}
{"GameID": "G13", "PNo": "20", "TeamID": "G1"}
{"GameID": "G13", "PNo": "1", "TeamID": "G2"}
{"GameID": "G13", "PNo": "2", "TeamID": "G2"}
{"GameID": "G13", "PNo": "4", "TeamID": "G2"}
{"GameID": "G13", "PNo": "5", "TeamID": "G2"}
{"GameID": "G13", "PNo": "6", "TeamID": "G2"}
{"GameID": "G13", "PNo": "7", "TeamID": "G2"}
{"GameID": "G13", "PNo": "8", "TeamID": "G2"}
{"GameID": "G13", "PNo": "11", "TeamID": "G2"}
{"GameID": "G13", "PNo": "15", "TeamID": "G2"}
{"GameID": "G13", "PNo": "20", "TeamID": "G2"}
{"GameID": "G13", "PNo": "21", "TeamID": "G2"}
{"GameID": "G14", "PNo": "22", "TeamID": "G3"}
{"GameID": "G14", "PNo": "2", "TeamID": "G3"}
{"GameID": "G14", "PNo": "4", "TeamID": "G3"}
{"GameID": "G14", "PNo": "8", "TeamID": "G3"}
{"GameID": "G14", "PNo": "9", "TeamID": "G3"}
{"GameID": "G14", "PNo": "10", "TeamID": "G3"}
{"GameID": "G14", "PNo": "11", "TeamID": "G3"}
{"GameID": "G14", "PNo": "12", "TeamID": "G3"}
{"GameID": "G14", "PNo": "13", "TeamID": "G3"}
{"GameID": "G14", "PNo": "17", "TeamID": "G3"}
{"GameID": "G14", "PNo": "23", "TeamID": "G3"}
{"GameID": "G14", "PNo": "1", "TeamID": "G4"}
{"GameID": "G14", "PNo": "2", "TeamID": "G4"}
{"GameID": "G14", "PNo": "5", "TeamID": "G4"}
{"GameID": "G14", "PNo": "6", "TeamID": "G4"}
{"GameID": "G14", "PNo": "7", "TeamID": "G4"}
{"GameID": "G14", "PNo": "8", "TeamID": "G4"}
{"GameID": "G14", "PNo": "9", "TeamID": "G4"}
{"GameID": "G14", "PNo": "10", "TeamID": "G4"}
{"GameID": "G14", "PNo": "12", "TeamID": "G4"}
{"GameID": "G14", "PNo": "18", "TeamID": "G4"}
{"GameID": "G14", "PNo": "20", "TeamID": "G4"}
{"GameID": "G15", "PNo": "1", "TeamID": "H3"}
{"GameID": "G15", "PNo": "3", "TeamID": "H3"}
{"GameID": "G15", "PNo": "4", "TeamID": "H3"}
{"GameID": "G15", "PNo": "6", "TeamID": "H3"}
{"GameID": "G15", "PNo": "9", "TeamID": "H3"}
{"GameID": "G15", "PNo": "11", "TeamID": "H3"}
{"GameID": "G15", "PNo": "16", "TeamID": "H3"}
{"GameID": "G15", "PNo": "17", "TeamID": "H3"}
{"GameID": "G15", "PNo": "20", "TeamID": "H3"}
{"GameID": "G15", "PNo": "21", "TeamID": "H3"}
{"GameID": "G15", "PNo": "23", "TeamID": "H3"}
{"GameID": "G15", "PNo": "1", "TeamID": "H4"}
{"GameID": "G15", "PNo": "3", "TeamID": "H4"}
{"GameID": "G15", "PNo": "5", "TeamID": "H4"}
{"GameID": "G15", "PNo": "7", "TeamID": "H4"}
{"GameID": "G15", "PNo": "8", "TeamID": "H4"}
{"GameID": "G15", "PNo": "10", "TeamID": "H4"}
{"GameID": "G15", "PNo": "14", "TeamID": "H4"}
{"GameID": "G15", "PNo": "15", "TeamID": "H4"}
{"GameID": "G15", "PNo": "17", "TeamID": "H4"}
{"GameID": "G15", "PNo": "19", "TeamID": "H4"}
{"GameID": "G15", "PNo": "22", "TeamID": "H4"}
{"GameID": "G16", "PNo": "1", "TeamID": "H1"}
{"GameID": "G16", "PNo": "2", "TeamID": "H1"}
{"GameID": "G16", "PNo": "4", "TeamID": "H1"}
{"GameID": "G16", "PNo": "7", "TeamID": "H1"}
{"GameID": "G16", "PNo": "9", "TeamID": "H1"}
{"GameID": "G16", "PNo": "10", "TeamID": "H1"}
{"GameID": "G16", "PNo": "11", "TeamID": "H1"}
{"GameID": "G16", "PNo": "13", "TeamID": "H1"}
{"GameID": "G16", "PNo": "16", "TeamID": "H1"}
{"GameID": "G16", "PNo": "19", "TeamID": "H1"}
{"GameID": "G16", "PNo": "20", "TeamID": "H1"}
{"GameID": "G16", "PNo": "16", "TeamID": "H2"}
{"GameID": "G16", "PNo": "3", "TeamID": "H2"}
{"GameID": "G16", "PNo": "5", "TeamID": "H2"}
{"GameID": "G16", "PNo": "6", "TeamID": "H2"}
{"GameID": "G16", "PNo": "9", "TeamID": "H2"}
{"GameID": "G16", "PNo": "10", "TeamID": "H2"}
{"GameID": "G16", "PNo": "12", "TeamID": "H2"}
{"GameID": "G16", "PNo": "13", "TeamID": "H2"}
{"GameID": "G16", "PNo": "18", "TeamID": "H2"}
{"GameID": "G16", "PNo": "19", "TeamID": "H2"}
{"GameID": "G16", "PNo": "22", "TeamID": "H2"}
{"GameID": "G17", "PNo": "1", "TeamID": "A1"}
{"GameID": "G17", "PNo": "2", "TeamID": "A1"}
{"GameID": "G17", "PNo": "3", "TeamID": "A1"}
{"GameID": "G17", "PNo": "4", "TeamID": "A1"}
{"GameID": "G17", "PNo": "6", "TeamID": "A1"}
{"GameID": "G17", "PNo": "8", "TeamID": "A1"}
{"GameID": "G17", "PNo": "11", "TeamID": "A1"}
{"GameID": "G17", "PNo": "17", "TeamID": "A1"}
{"GameID": "G17", "PNo": "18", "TeamID": "A1"}
{"GameID": "G17", "PNo": "19", "TeamID": "A1"}
{"GameID": "G17", "PNo": "22", "TeamID": "A1"}
{"GameID": "G17", "PNo": "23", "TeamID": "A3"}
{"GameID": "G17", "PNo": "2", "TeamID": "A3"}
{"GameID": "G17", "PNo": "6", "TeamID": "A3"}
{"GameID": "G17", "PNo": "7", "TeamID": "A3"}
{"GameID": "G17", "PNo": "8", "TeamID": "A3"}
{"GameID": "G17", "PNo": "9", "TeamID": "A3"}
{"GameID": "G17", "PNo": "10", "TeamID": "A3"}
{"GameID": "G17", "PNo": "13", "TeamID": "A3"}
{"GameID": "G17", "PNo": "17", "TeamID": "A3"}
{"GameID": "G17", "PNo": "19", "TeamID": "A3"}
{"GameID": "G17", "PNo": "21", "TeamID": "A3"}
{"GameID": "G18", "PNo": "1", "TeamID": "B1"}
{"GameID": "G18", "PNo": "3", "TeamID": "B1"}
{"GameID": "G18", "PNo": "5", "TeamID": "B1"}
{"GameID": "G18", "PNo": "6", "TeamID": "B1"}
{"GameID": "G18", "PNo": "7", "TeamID": "B1"}
{"GameID": "G18", "PNo": "8", "TeamID": "B1"}
{"GameID": "G18", "PNo": "10", "TeamID": "B1"}
{"GameID": "G18", "PNo": "11", "TeamID": "B1"}
{"GameID": "G18", "PNo": "14", "TeamID": "B1"}
{"GameID": "G18", "PNo": "17", "TeamID": "B1"}
{"GameID": "G18", "PNo": "21", "TeamID": "B1"}
{"GameID": "G18", "PNo": "12", "TeamID": "B3"}
{"GameID": "G18", "PNo": "2", "TeamID": "B3"}
{"GameID": "G18", "PNo": "4", "TeamID": "B3"}
{"GameID": "G18", "PNo": "5", "TeamID": "B3"}
{"GameID": "G18", "PNo": "7", "TeamID": "B3"}
{"GameID": "G18", "PNo": "8", "TeamID": "B3"}
{"GameID": "G18", "PNo": "10", "TeamID": "B3"}
{"GameID": "G18", "PNo": "13", "TeamID": "B3"}
{"GameID": "G18", "PNo": "14", "TeamID": "B3"}
{"GameID": "G18", "PNo": "16", "TeamID": "B3"}
{"GameID": "G18", "PNo": "17", "TeamID": "B3"}
{"GameID": "G19", "PNo": "1", "TeamID": "A4"}
{"GameID": "G19", "PNo": "2", "TeamID": "A4"}
{"GameID": "G19", "PNo": "3", "TeamID": "A4"}
{"GameID": "G19", "PNo": "4", "TeamID": "A4"}
{"GameID": "G19", "PNo": "5", "TeamID": "A4"}
{"GameID": "G19", "PNo": "6", "TeamID": "A4"}
{"GameID": "G19", "PNo": "7", "TeamID": "A4"}
{"GameID": "G19", "PNo": "9", "TeamID": "A4"}
{"GameID": "G19", "PNo": "15", "TeamID": "A4"}
{"GameID": "G19", "PNo": "21", "TeamID": "A4"}
{"GameID": "G19", "PNo": "22", "TeamID": "A4"}
{"GameID": "G19", "PNo": "22", "TeamID": "A2"}
{"GameID": "G19", "PNo": "3", "TeamID": "A2"}
{"GameID": "G19", "PNo": "4", "TeamID": "A2"}
{"GameID": "G19", "PNo": "6", "TeamID": "A2"}
{"GameID": "G19", "PNo": "7", "TeamID": "A2"}
{"GameID": "G19", "PNo": "9", "TeamID": "A2"}
{"GameID": "G19", "PNo": "13", "TeamID": "A2"}
{"GameID": "G19", "PNo": "14", "TeamID": "A2"}
{"GameID": "G19", "PNo": "17", "TeamID": "A2"}
{"GameID": "G19", "PNo": "18", "TeamID": "A2"}
{"GameID": "G19", "PNo": "19", "TeamID": "A2"}
{"GameID": "G20", "PNo": "1", "TeamID": "B4"}
{"GameID": "G20", "PNo": "3", "TeamID": "B4"}
{"GameID": "G20", "PNo": "6", "TeamID": "B4"}
{"GameID": "G20", "PNo": "8", "TeamID": "B4"}
{"GameID": "G20", "PNo": "9", "TeamID": "B4"}
{"GameID": "G20", "PNo": "10", "TeamID": "B4"}
{"GameID": "G20", "PNo": "11", "TeamID": "B4"}
{"GameID": "G20", "PNo": "17", "TeamID": "B4"}
{"GameID": "G20", "PNo": "19", "TeamID": "B4"}
{"GameID": "G20", "PNo": "20", "TeamID": "B4"}
{"GameID": "G20", "PNo": "23", "TeamID": "B4"}
{"GameID": "G20", "PNo": "1", "TeamID": "B2"}
{"GameID": "G20", "PNo": "2", "TeamID": "B2"}
{"GameID": "G20", "PNo": "3", "TeamID": "B2"}
{"GameID": "G20", "PNo": "5", "TeamID": "B2"}
{"GameID": "G20", "PNo": "6", "TeamID": "B2"}
{"GameID": "G20", "PNo": "11", "TeamID": "B2"}
{"GameID": "G20", "PNo": "15", "TeamID": "B2"}
{"GameID": "G20", "PNo": "18", "TeamID": "B2"}
{"GameID": "G20", "PNo": "19", "TeamID": "B2"}
{"GameID": "G20", "PNo": "21", "TeamID": "B2"}
{"GameID": "G20", "PNo": "22", "TeamID": "B2"}
{"GameID": "G21", "PNo": "1", "TeamID": "C4"}
{"GameID": "G21", "PNo": "4", "TeamID": "C4"}
{"GameID": "G21", "PNo": "6", "TeamID": "C4"}
{"GameID": "G21", "PNo": "8", "TeamID": "C4"}
{"GameID": "G21", "PNo": "9", "TeamID": "C4"}
{"GameID": "G21", "PNo": "10", "TeamID": "C4"}
{"GameID": "G21", "PNo": "14", "TeamID": "C4"}
{"GameID": "G21", "PNo": "17", "TeamID": "C4"}
{"GameID": "G21", "PNo": "19", "TeamID": "C4"}
{"GameID": "G21", "PNo": "20", "TeamID": "C4"}
{"GameID": "G21", "PNo": "23", "TeamID": "C4"}
{"GameID": "G21", "PNo": "1", "TeamID": "C2"}
{"GameID": "G21", "PNo": "5", "TeamID": "C2"}
{"GameID": "G21", "PNo": "7", "TeamID": "C2"}
{"GameID": "G21", "PNo": "10", "TeamID": "C2"}
{"GameID": "G21", "PNo": "11", "TeamID": "C2"}
{"GameID": "G21", "PNo": "13", "TeamID": "C2"}
{"GameID": "G21", "PNo": "15", "TeamID": "C2"}
{"GameID": "G21", "PNo": "16", "TeamID": "C2"}
{"GameID": "G21", "PNo": "19", "TeamID": "C2"}
{"GameID": "G21", "PNo": "20", "TeamID": "C2"}
{"GameID": "G21", "PNo": "23", "TeamID": "C2"}
{"GameID": "G22", "PNo": "1", "TeamID": "C1"}
{"GameID": "G22", "PNo": "2", "TeamID": "C1"}
{"GameID": "G22", "PNo": "4", "TeamID": "C1"}
{"GameID": "G22", "PNo": "5", "TeamID": "C1"}
{"GameID": "G22", "PNo": "6", "TeamID": "C1"}
{"GameID": "G22", "PNo": "7", "TeamID": "C1"}
{"GameID": "G22", "PNo": "9", "TeamID": "C1"}
{"GameID": "G22", "PNo": "10", "TeamID": "C1"}
{"GameID": "G22", "PNo": "13", "TeamID": "C1"}
{"GameID": "G22", "PNo": "14", "TeamID": "C1"}
{"GameID": "G22", "PNo": "21", "TeamID": "C1"}
{"GameID": "G22", "PNo": "1", "TeamID": "C3"}
{"GameID": "G22", "PNo": "2", "TeamID": "C3"}
{"GameID": "G22", "PNo": "6", "TeamID": "C3"}
{"GameID": "G22", "PNo": "8", "TeamID": "C3"}
{"GameID": "G22", "PNo": "9", "TeamID": "C3"}
{"GameID": "G22", "PNo": "15", "TeamID": "C3"}
{"GameID": "G22", "PNo": "17", "TeamID": "C3"}
{"GameID": "G22", "PNo": "18", "TeamID": "C3"}
{"GameID": "G22", "PNo": "19", "TeamID": "C3"}
{"GameID": "G22", "PNo": "20", "TeamID": "C3"}
{"GameID": "G22", "PNo": "23", "TeamID": "C3"}
{"GameID": "G23", "PNo": "23", "TeamID": "D1"}
{"GameID": "G23", "PNo": "2", "TeamID": "D1"}
{"GameID": "G23", "PNo": "3", "TeamID": "D1"}
{"GameID": "G23", "PNo": "8", "TeamID": "D1"}
{"GameID": "G23", "PNo": "10", "TeamID": "D1"}
{"GameID": "G23", "PNo": "13", "TeamID": "D1"}
{"GameID": "G23", "PNo": "14", "TeamID": "D1"}
{"GameID": "G23", "PNo": "15", "TeamID": "D1"}
{"GameID": "G23", "PNo": "17", "TeamID": "D1"}
{"GameID": "G23", "PNo": "18", "TeamID": "D1"}
{"GameID": "G23", "PNo": "19", "TeamID": "D1"}
{"GameID": "G23", "PNo": "23", "TeamID": "D3"}
{"GameID": "G23", "PNo": "2", "TeamID": "D3"}
{"GameID": "G23", "PNo": "3", "TeamID": "D3"}
{"GameID": "G23", "PNo": "4", "TeamID": "D3"}
{"GameID": "G23", "PNo": "6", "TeamID": "D3"}
{"GameID": "G23", "PNo": "7", "TeamID": "D3"}
{"GameID": "G23", "PNo": "10", "TeamID": "D3"}
{"GameID": "G23", "PNo": "11", "TeamID": "D3"}
{"GameID": "G23", "PNo": "17", "TeamID": "D3"}
{"GameID": "G23", "PNo": "18", "TeamID": "D3"}
{"GameID": "G23", "PNo": "21", "TeamID": "D3"}
{"GameID": "G24", "PNo": "1", "TeamID": "E1"}
{"GameID": "G24", "PNo": "2", "TeamID": "E1"}
{"GameID": "G24", "PNo": "3", "TeamID": "E1"}
{"GameID": "G24", "PNo": "5", "TeamID": "E1"}
{"GameID": "G24", "PNo": "9", "TeamID": "E1"}
{"GameID": "G24", "PNo": "10", "TeamID": "E1"}
{"GameID": "G24", "PNo": "11", "TeamID": "E1"}
{"GameID": "G24", "PNo": "12", "TeamID": "E1"}
{"GameID": "G24", "PNo": "15", "TeamID": "E1"}
{"GameID": "G24", "PNo": "19", "TeamID": "E1"}
{"GameID": "G24", "PNo": "22", "TeamID": "E1"}
{"GameID": "G24", "PNo": "1", "TeamID": "E3"}
{"GameID": "G24", "PNo": "2", "TeamID": "E3"}
{"GameID": "G24", "PNo": "3", "TeamID": "E3"}
{"GameID": "G24", "PNo": "5", "TeamID": "E3"}
{"GameID": "G24", "PNo": "6", "TeamID": "E3"}
{"GameID": "G24", "PNo": "8", "TeamID": "E3"}
{"GameID": "G24", "PNo": "10", "TeamID": "E3"}
{"GameID": "G24", "PNo": "11", "TeamID": "E3"}
{"GameID": "G24", "PNo": "16", "TeamID": "E3"}
{"GameID": "G24", "PNo": "20", "TeamID": "E3"}
{"GameID": "G24", "PNo": "21", "TeamID": "E3"}
{"GameID": "G25", "PNo": "23", "TeamID": "D4"}
{"GameID": "G25", "PNo": "2", "TeamID": "D4"}
{"GameID": "G25", "PNo": "4", "TeamID": "D4"}
{"GameID": "G25", "PNo": "5", "TeamID": "D4"}
{"GameID": "G25", "PNo": "6", "TeamID": "D4"}
{"GameID": "G25", "PNo": "7", "TeamID": "D4"}
{"GameID": "G25", "PNo": "8", "TeamID": "D4"}
{"GameID": "G25", "PNo": "10", "TeamID": "D4"}
{"GameID": "G25", "PNo": "11", "TeamID": "D4"}
{"GameID": "G25", "PNo": "14", "TeamID": "D4"}
{"GameID": "G25", "PNo": "22", "TeamID": "D4"}
{"GameID": "G25", "PNo": "1", "TeamID": "D2"}
{"GameID": "G25", "PNo": "2", "TeamID": "D2"}
{"GameID": "G25", "PNo": "6", "TeamID": "D2"}
{"GameID": "G25", "PNo": "8", "TeamID": "D2"}
{"GameID": "G25", "PNo": "10", "TeamID": "D2"}
{"GameID": "G25", "PNo": "11", "TeamID": "D2"}
{"GameID": "G25", "PNo": "14", "TeamID": "D2"}
{"GameID": "G25", "PNo": "17", "TeamID": "D2"}
{"GameID": "G25", "PNo": "18", "TeamID": "D2"}
{"GameID": "G25", "PNo": "19", "TeamID": "D2"}
{"GameID": "G25", "PNo": "22", "TeamID": "D2"}
{"GameID": "G26", "PNo": "1", "TeamID": "E4"}
{"GameID": "G26", "PNo": "3", "TeamID": "E4"}
{"GameID": "G26", "PNo": "4", "TeamID": "E4"}
{"GameID": "G26", "PNo": "6", "TeamID": "E4"}
{"GameID": "G26", "PNo": "9", "TeamID": "E4"}
{"GameID": "G26", "PNo": "10", "TeamID": "E4"}
{"GameID": "G26", "PNo": "11", "TeamID": "E4"}
{"GameID": "G26", "PNo": "15", "TeamID": "E4"}
{"GameID": "G26", "PNo": "17", "TeamID": "E4"}
{"GameID": "G26", "PNo": "20", "TeamID": "E4"}
{"GameID": "G26", "PNo": "21", "TeamID": "E4"}
{"GameID": "G26", "PNo": "1", "TeamID": "E2"}
{"GameID": "G26", "PNo": "2", "TeamID": "E2"}
{"GameID": "G26", "PNo": "5", "TeamID": "E2"}
{"GameID": "G26", "PNo": "9", "TeamID": "E2"}
{"GameID": "G26", "PNo": "10", "TeamID": "E2"}
{"GameID": "G26", "PNo": "11", "TeamID": "E2"}
{"GameID": "G26", "PNo": "13", "TeamID": "E2"}
{"GameID": "G26", "PNo": "14", "TeamID": "E2"}
{"GameID": "G26", "PNo": "15", "TeamID": "E2"}
{"GameID": "G26", "PNo": "22", "TeamID": "E2"}
{"GameID": "G26", "PNo": "23", "TeamID": "E2"}
{"GameID": "G27", "PNo": "1", "TeamID": "G1"}
{"GameID": "G27", "PNo": "2", "TeamID": "G1"}
{"GameID": "G27", "PNo": "5", "TeamID": "G1"}
{"GameID": "G27", "PNo": "6", "TeamID": "G1"}
{"GameID": "G27", "PNo": "7", "TeamID": "G1"}
{"GameID": "G27", "PNo": "9", "TeamID": "G1"}
{"GameID": "G27", "PNo": "10", "TeamID": "G1"}
{"GameID": "G27", "PNo": "11", "TeamID": "G1"}
{"GameID": "G27", "PNo": "14", "TeamID": "G1"}
{"GameID": "G27", "PNo": "15", "TeamID": "G1"}
{"GameID": "G27", "PNo": "20", "TeamID": "G1"}
{"GameID": "G27", "PNo": "1", "TeamID": "G3"}
{"GameID": "G27", "PNo": "2", "TeamID": "G3"}
{"GameID": "G27", "PNo": "4", "TeamID": "G3"}
{"GameID": "G27", "PNo": "7", "TeamID": "G3"}
{"GameID": "G27", "PNo": "8", "TeamID": "G3"}
{"GameID": "G27", "PNo": "9", "TeamID": "G3"}
{"GameID": "G27", "PNo": "10", "TeamID": "G3"}
{"GameID": "G27", "PNo": "11", "TeamID": "G3"}
{"GameID": "G27", "PNo": "12", "TeamID": "G3"}
{"GameID": "G27", "PNo": "13", "TeamID": "G3"}
{"GameID": "G27", "PNo": "17", "TeamID": "G3"}
{"GameID": "G28", "PNo": "23", "TeamID": "F4"}
{"GameID": "G28", "PNo": "2", "TeamID": "F4"}
{"GameID": "G28", "PNo": "7", "TeamID": "F4"}
{"GameID": "G28", "PNo": "8", "TeamID": "F4"}
{"GameID": "G28", "PNo": "11", "TeamID": "F4"}
{"GameID": "G28", "PNo": "12", "TeamID": "F4"}
{"GameID": "G28", "PNo": "16", "TeamID": "F4"}
{"GameID": "G28", "PNo": "17", "TeamID": "F4"}
{"GameID": "G28", "PNo": "18", "TeamID": "F4"}
{"GameID": "G28", "PNo": "19", "TeamID": "F4"}
{"GameID": "G28", "PNo": "20", "TeamID": "F4"}
{"GameID": "G28", "PNo": "13", "TeamID": "F2"}
{"GameID": "G28", "PNo": "3", "TeamID": "F2"}
{"GameID": "G28", "PNo": "7", "TeamID": "F2"}
{"GameID": "G28", "PNo": "11", "TeamID": "F2"}
{"GameID": "G28", "PNo": "14", "TeamID": "F2"}
{"GameID": "G28", "PNo": "15", "TeamID": "F2"}
{"GameID": "G28", "PNo": "16", "TeamID": "F2"}
{"GameID": "G28", "PNo": "18", "TeamID": "F2"}
{"GameID": "G28", "PNo": "21", "TeamID": "F2"}
{"GameID": "G28", "PNo": "22", "TeamID": "F2"}
{"GameID": "G28", "PNo": "23", "TeamID": "F2"}
{"GameID": "G29", "PNo": "1", "TeamID": "F1"}
{"GameID": "G29", "PNo": "3", "TeamID": "F1"}
{"GameID": "G29", "PNo": "7", "TeamID": "F1"}
{"GameID": "G29", "PNo": "8", "TeamID": "F1"}
{"GameID": "G29", "PNo": "9", "TeamID": "F1"}
{"GameID": "G29", "PNo": "11", "TeamID": "F1"}
{"GameID": "G29", "PNo": "13", "TeamID": "F1"}
{"GameID": "G29", "PNo": "16", "TeamID": "F1"}
{"GameID": "G29", "PNo": "17", "TeamID": "F1"}
{"GameID": "G29", "PNo": "18", "TeamID": "F1"}
{"GameID": "G29", "PNo": "19", "TeamID": "F1"}
{"GameID": "G29", "PNo": "1", "TeamID": "F3"}
{"GameID": "G29", "PNo": "2", "TeamID": "F3"}
{"GameID": "G29", "PNo": "3", "TeamID": "F3"}
{"GameID": "G29", "PNo": "4", "TeamID": "F3"}
{"GameID": "G29", "PNo": "6", "TeamID": "F3"}
{"GameID": "G29", "PNo": "7", "TeamID": "F3"}
{"GameID": "G29", "PNo": "8", "TeamID": "F3"}
{"GameID": "G29", "PNo": "9", "TeamID": "F3"}
{"GameID": "G29", "PNo": "10", "TeamID": "F3"}
{"GameID": "G29", "PNo": "17", "TeamID": "F3"}
{"GameID": "G29", "PNo": "20", "TeamID": "F3"}
{"GameID": "G30", "PNo": "1", "TeamID": "G4"}
{"GameID": "G30", "PNo": "2", "TeamID": "G4"}
{"GameID": "G30", "PNo": "5", "TeamID": "G4"}
{"GameID": "G30", "PNo": "6", "TeamID": "G4"}
{"GameID": "G30", "PNo": "7", "TeamID": "G4"}
{"GameID": "G30", "PNo": "8", "TeamID": "G4"}
{"GameID": "G30", "PNo": "9", "TeamID": "G4"}
{"GameID": "G30", "PNo": "10", "TeamID": "G4"}
{"GameID": "G30", "PNo": "12", "TeamID": "G4"}
{"GameID": "G30", "PNo": "18", "TeamID": "G4"}
{"GameID": "G30", "PNo": "21", "TeamID": "G4"}
{"GameID": "G30", "PNo": "1", "TeamID": "G2"}
{"GameID": "G30", "PNo": "2", "TeamID": "G2"}
{"GameID": "G30", "PNo": "4", "TeamID": "G2"}
{"GameID": "G30", "PNo": "5", "TeamID": "G2"}
{"GameID": "G30", "PNo": "6", "TeamID": "G2"}
{"GameID": "G30", "PNo": "7", "TeamID": "G2"}
{"GameID": "G30", "PNo": "8", "TeamID": "G2"}
{"GameID": "G30", "PNo": "11", "TeamID": "G2"}
{"GameID": "G30", "PNo": "15", "TeamID": "G2"}
{"GameID": "G30", "PNo": "20", "TeamID": "G2"}
{"GameID": "G30", "PNo": "21", "TeamID": "G2"}
{"GameID": "G31", "PNo": "1", "TeamID": "H4"}
{"GameID": "G31", "PNo": "3", "TeamID": "H4"}
{"GameID": "G31", "PNo": "5", "TeamID": "H4"}
{"GameID": "G31", "PNo": "7", "TeamID": "H4"}
{"GameID": "G31", "PNo": "8", "TeamID": "H4"}
{"GameID": "G31", "PNo": "10", "TeamID": "H4"}
{"GameID": "G31", "PNo": "14", "TeamID": "H4"}
{"GameID": "G31", "PNo": "15", "TeamID": "H4"}
{"GameID": "G31", "PNo": "17", "TeamID": "H4"}
{"GameID": "G31", "PNo": "19", "TeamID": "H4"}
{"GameID": "G31", "PNo": "22", "TeamID": "H4"}
{"GameID": "G31", "PNo": "16", "TeamID": "H2"}
{"GameID": "G31", "PNo": "3", "TeamID": "H2"}
{"GameID": "G31", "PNo": "5", "TeamID": "H2"}
{"GameID": "G31", "PNo": "6", "TeamID": "H2"}
{"GameID": "G31", "PNo": "10", "TeamID": "H2"}
{"GameID": "G31", "PNo": "12", "TeamID": "H2"}
{"GameID": "G31", "PNo": "13", "TeamID": "H2"}
{"GameID": "G31", "PNo": "17", "TeamID": "H2"}
{"GameID": "G31", "PNo": "18", "TeamID": "H2"}
{"GameID": "G31", "PNo": "19", "TeamID": "H2"}
{"GameID": "G31", "PNo": "22", "TeamID": "H2"}
{"GameID": "G32", "PNo": "1", "TeamID": "H1"}
{"GameID": "G32", "PNo": "2", "TeamID": "H1"}
{"GameID": "G32", "PNo": "5", "TeamID": "H1"}
{"GameID": "G32", "PNo": "6", "TeamID": "H1"}
{"GameID": "G32", "PNo": "9", "TeamID": "H1"}
{"GameID": "G32", "PNo": "10", "TeamID": "H1"}
{"GameID": "G32", "PNo": "13", "TeamID": "H1"}
{"GameID": "G32", "PNo": "18", "TeamID": "H1"}
{"GameID": "G32", "PNo": "19", "TeamID": "H1"}
{"GameID": "G32", "PNo": "20", "TeamID": "H1"}
{"GameID": "G32", "PNo": "23", "TeamID": "H1"}
{"GameID": "G32", "PNo": "1", "TeamID": "H3"}
{"GameID": "G32", "PNo": "4", "TeamID": "H3"}
{"GameID": "G32", "PNo": "5", "TeamID": "H3"}
{"GameID": "G32", "PNo": "8", "TeamID": "H3"}
{"GameID": "G32", "PNo": "9", "TeamID": "H3"}
{"GameID": "G32", "PNo": "10", "TeamID": "H3"}
{"GameID": "G32", "PNo": "11", "TeamID": "H3"}
{"GameID": "G32", "PNo": "13", "TeamID": "H3"}
{"GameID": "G32", "PNo": "17", "TeamID": "H3"}
{"GameID": "G32", "PNo": "20", "TeamID": "H3"}
{"GameID": "G32", "PNo": "23", "TeamID": "H3"}
{"GameID": "G33", "PNo": "1", "TeamID": "A4"}
{"GameID": "G33", "PNo": "3", "TeamID": "A4"}
{"GameID": "G33", "PNo": "6", "TeamID": "A4"}
{"GameID": "G33", "PNo": "8", "TeamID": "A4"}
{"GameID": "G33", "PNo": "9", "TeamID": "A4"}
{"GameID": "G33", "PNo": "14", "TeamID": "A4"}
{"GameID": "G33", "PNo": "15", "TeamID": "A4"}
{"GameID": "G33", "PNo": "17", "TeamID": "A4"}
{"GameID": "G33", "PNo": "19", "TeamID": "A4"}
{"GameID": "G33", "PNo": "21", "TeamID": "A4"}
{"GameID": "G33", "PNo": "22", "TeamID": "A4"}
{"GameID": "G33", "PNo": "1", "TeamID": "A1"}
{"GameID": "G33", "PNo": "3", "TeamID": "A1"}
{"GameID": "G33", "PNo": "4", "TeamID": "A1"}
{"GameID": "G33", "PNo": "6", "TeamID": "A1"}
{"GameID": "G33", "PNo": "8", "TeamID": "A1"}
{"GameID": "G33", "PNo": "11", "TeamID": "A1"}
{"GameID": "G33", "PNo": "13", "TeamID": "A1"}
{"GameID": "G33", "PNo": "15", "TeamID": "A1"}
{"GameID": "G33", "PNo": "19", "TeamID": "A1"}
{"GameID": "G33", "PNo": "22", "TeamID": "A1"}
{"GameID": "G33", "PNo": "23", "TeamID": "A1"}
{"GameID": "G34", "PNo": "21", "TeamID": "A2"}
{"GameID": "G34", "PNo": "3", "TeamID": "A2"}
{"GameID": "G34", "PNo": "6", "TeamID": "A2"}
{"GameID": "G34", "PNo": "7", "TeamID": "A2"}
{"GameID": "G34", "PNo": "9", "TeamID": "A2"}
{"GameID": "G34", "PNo": "13", "TeamID": "A2"}
{"GameID": "G34", "PNo": "14", "TeamID": "A2"}
{"GameID": "G34", "PNo": "16", "TeamID": "A2"}
{"GameID": "G34", "PNo": "18", "TeamID": "A2"}
{"GameID": "G34", "PNo": "19", "TeamID": "A2"}
{"GameID": "G34", "PNo": "23", "TeamID": "A2"}
{"GameID": "G34", "PNo": "1", "TeamID": "A3"}
{"GameID": "G34", "PNo": "2", "TeamID": "A3"}
{"GameID": "G34", "PNo": "6", "TeamID": "A3"}
{"GameID": "G34", "PNo": "7", "TeamID": "A3"}
{"GameID": "G34", "PNo": "8", "TeamID": "A3"}
{"GameID": "G34", "PNo": "9", "TeamID": "A3"}
{"GameID": "G34", "PNo": "10", "TeamID": "A3"}
{"GameID": "G34", "PNo": "13", "TeamID": "A3"}
{"GameID": "G34", "PNo": "17", "TeamID": "A3"}
{"GameID": "G34", "PNo": "19", "TeamID": "A3"}
{"GameID": "G34", "PNo": "21", "TeamID": "A3"}
{"GameID": "G35", "PNo": "1", "TeamID": "B2"}
{"GameID": "G35", "PNo": "2", "TeamID": "B2"}
{"GameID": "G35", "PNo": "3", "TeamID": "B2"}
{"GameID": "G35", "PNo": "5", "TeamID": "B2"}
{"GameID": "G35", "PNo": "6", "TeamID": "B2"}
{"GameID": "G35", "PNo": "10", "TeamID": "B2"}
{"GameID": "G35", "PNo": "15", "TeamID": "B2"}
{"GameID": "G35", "PNo": "18", "TeamID": "B2"}
{"GameID": "G35", "PNo": "19", "TeamID": "B2"}
{"GameID": "G35", "PNo": "21", "TeamID": "B2"}
{"GameID": "G35", "PNo": "22", "TeamID": "B2"}
{"GameID": "G35", "PNo": "12", "TeamID": "B3"}
{"GameID": "G35", "PNo": "2", "TeamID": "B3"}
{"GameID": "G35", "PNo": "4", "TeamID": "B3"}
{"GameID": "G35", "PNo": "6", "TeamID": "B3"}
{"GameID": "G35", "PNo": "7", "TeamID": "B3"}
{"GameID": "G35", "PNo": "8", "TeamID": "B3"}
{"GameID": "G35", "PNo": "10", "TeamID": "B3"}
{"GameID": "G35", "PNo": "13", "TeamID": "B3"}
{"GameID": "G35", "PNo": "14", "TeamID": "B3"}
{"GameID": "G35", "PNo": "16", "TeamID": "B3"}
{"GameID": "G35", "PNo": "17", "TeamID": "B3"}
{"GameID": "G36", "PNo": "1", "TeamID": "B4"}
{"GameID": "G36", "PNo": "3", "TeamID": "B4"}
{"GameID": "G36", "PNo": "6", "TeamID": "B4"}
{"GameID": "G36", "PNo": "8", "TeamID": "B4"}
{"GameID": "G36", "PNo": "9", "TeamID": "B4"}
{"GameID": "G36", "PNo": "11", "TeamID": "B4"}
{"GameID": "G36", "PNo": "17", "TeamID": "B4"}
{"GameID": "G36", "PNo": "18", "TeamID": "B4"}
{"GameID": "G36", "PNo": "19", "TeamID": "B4"}
{"GameID": "G36", "PNo": "20", "TeamID": "B4"}
{"GameID": "G36", "PNo": "23", "TeamID": "B4"}
{"GameID": "G36", "PNo": "1", "TeamID": "B1"}
{"GameID": "G36", "PNo": "3", "TeamID": "B1"}
{"GameID": "G36", "PNo": "5", "TeamID": "B1"}
{"GameID": "G36", "PNo": "6", "TeamID": "B1"}
{"GameID": "G36", "PNo": "7", "TeamID": "B1"}
{"GameID": "G36", "PNo": "9", "TeamID": "B1"}
{"GameID": "G36", "PNo": "10", "TeamID": "B1"}
{"GameID": "G36", "PNo": "14", "TeamID": "B1"}
{"GameID": "G36", "PNo": "20", "TeamID": "B1"}
{"GameID": "G36", "PNo": "21", "TeamID": "B1"}
{"GameID": "G36", "PNo": "23", "TeamID": "B1"}
{"GameID": "G37", "PNo": "1", "TeamID": "C2"}
{"GameID": "G37", "PNo": "5", "TeamID": "C2"}
{"GameID": "G37", "PNo": "7", "TeamID": "C2"}
{"GameID": "G37", "PNo": "9", "TeamID": "C2"}
{"GameID": "G37", "PNo": "10", "TeamID": "C2"}
{"GameID": "G37", "PNo": "13", "TeamID": "C2"}
{"GameID": "G37", "PNo": "15", "TeamID": "C2"}
{"GameID": "G37", "PNo": "16", "TeamID": "C2"}
{"GameID": "G37", "PNo": "19", "TeamID": "C2"}
{"GameID": "G37", "PNo": "20", "TeamID": "C2"}
{"GameID": "G37", "PNo": "23", "TeamID": "C2"}
{"GameID": "G37", "PNo": "1", "TeamID": "C3"}
{"GameID": "G37", "PNo": "4", "TeamID": "C3"}
{"GameID": "G37", "PNo": "6", "TeamID": "C3"}
{"GameID": "G37", "PNo": "8", "TeamID": "C3"}
{"GameID": "G37", "PNo": "9", "TeamID": "C3"}
{"GameID": "G37", "PNo": "13", "TeamID": "C3"}
{"GameID": "G37", "PNo": "15", "TeamID": "C3"}
{"GameID": "G37", "PNo": "17", "TeamID": "C3"}
{"GameID": "G37", "PNo": "18", "TeamID": "C3"}
{"GameID": "G37", "PNo": "19", "TeamID": "C3"}
{"GameID": "G37", "PNo": "20", "TeamID": "C3"}
{"GameID": "G38", "PNo": "1", "TeamID": "C4"}
{"GameID": "G38", "PNo": "4", "TeamID": "C4"}
{"GameID": "G38", "PNo": "6", "TeamID": "C4"}
{"GameID": "G38", "PNo": "8", "TeamID": "C4"}
{"GameID": "G38", "PNo": "10", "TeamID": "C4"}
{"GameID": "G38", "PNo": "11", "TeamID": "C4"}
{"GameID": "G38", "PNo": "13", "TeamID": "C4"}
{"GameID": "G38", "PNo": "14", "TeamID": "C4"}
{"GameID": "G38", "PNo": "17", "TeamID": "C4"}
{"GameID": "G38", "PNo": "21", "TeamID": "C4"}
{"GameID": "G38", "PNo": "23", "TeamID": "C4"}
{"GameID": "G38", "PNo": "16", "TeamID": "C1"}
{"GameID": "G38", "PNo": "3", "TeamID": "C1"}
{"GameID": "G38", "PNo": "4", "TeamID": "C1"}
{"GameID": "G38", "PNo": "7", "TeamID": "C1"}
{"GameID": "G38", "PNo": "8", "TeamID": "C1"}
{"GameID": "G38", "PNo": "9", "TeamID": "C1"}
{"GameID": "G38", "PNo": "11", "TeamID": "C1"}
{"GameID": "G38", "PNo": "13", "TeamID": "C1"}
{"GameID": "G38", "PNo": "15", "TeamID": "C1"}
{"GameID": "G38", "PNo": "19", "TeamID": "C1"}
{"GameID": "G38", "PNo": "21", "TeamID": "C1"}
{"GameID": "G39", "PNo": "23", "TeamID": "D4"}
{"GameID": "G39", "PNo": "2", "TeamID": "D4"}
{"GameID": "G39", "PNo": "4", "TeamID": "D4"}
{"GameID": "G39", "PNo": "5", "TeamID": "D4"}
{"GameID": "G39", "PNo": "6", "TeamID": "D4"}
{"GameID": "G39", "PNo": "7", "TeamID": "D4"}
{"GameID": "G39", "PNo": "8", "TeamID": "D4"}
{"GameID": "G39", "PNo": "10", "TeamID": "D4"}
{"GameID": "G39", "PNo": "11", "TeamID": "D4"}
{"GameID": "G39", "PNo": "14", "TeamID": "D4"}
{"GameID": "G39", "PNo": "22", "TeamID": "D4"}
{"GameID": "G39", "PNo": "12", "TeamID": "D1"}
{"GameID": "G39", "PNo": "2", "TeamID": "D1"}
{"GameID": "G39", "PNo": "3", "TeamID": "D1"}
{"GameID": "G39", "PNo": "7", "TeamID": "D1"}
{"GameID": "G39", "PNo": "9", "TeamID": "D1"}
{"GameID": "G39", "PNo": "10", "TeamID": "D1"}
{"GameID": "G39", "PNo": "11", "TeamID": "D1"}
{"GameID": "G39", "PNo": "14", "TeamID": "D1"}
{"GameID": "G39", "PNo": "15", "TeamID": "D1"}
{"GameID": "G39", "PNo": "16", "TeamID": "D1"}
{"GameID": "G39", "PNo": "17", "TeamID": "D1"}
{"GameID": "G40", "PNo": "1", "TeamID": "D2"}
{"GameID": "G40", "PNo": "2", "TeamID": "D2"}
{"GameID": "G40", "PNo": "5", "TeamID": "D2"}
{"GameID": "G40", "PNo": "6", "TeamID": "D2"}
{"GameID": "G40", "PNo": "7", "TeamID": "D2"}
{"GameID": "G40", "PNo": "8", "TeamID": "D2"}
{"GameID": "G40", "PNo": "10", "TeamID": "D2"}
{"GameID": "G40", "PNo": "11", "TeamID": "D2"}
{"GameID": "G40", "PNo": "17", "TeamID": "D2"}
{"GameID": "G40", "PNo": "18", "TeamID": "D2"}
{"GameID": "G40", "PNo": "20", "TeamID": "D2"}
{"GameID": "G40", "PNo": "12", "TeamID": "D3"}
{"GameID": "G40", "PNo": "4", "TeamID": "D3"}
{"GameID": "G40", "PNo": "5", "TeamID": "D3"}
{"GameID": "G40", "PNo": "8", "TeamID": "D3"}
{"GameID": "G40", "PNo": "9", "TeamID": "D3"}
{"GameID": "G40", "PNo": "10", "TeamID": "D3"}
{"GameID": "G40", "PNo": "13", "TeamID": "D3"}
{"GameID": "G40", "PNo": "15", "TeamID": "D3"}
{"GameID": "G40", "PNo": "19", "TeamID": "D3"}
{"GameID": "G40", "PNo": "20", "TeamID": "D3"}
{"GameID": "G40", "PNo": "22", "TeamID": "D3"}
{"GameID": "G41", "PNo": "23", "TeamID": "F4"}
{"GameID": "G41", "PNo": "2", "TeamID": "F4"}
{"GameID": "G41", "PNo": "5", "TeamID": "F4"}
{"GameID": "G41", "PNo": "7", "TeamID": "F4"}
{"GameID": "G41", "PNo": "13", "TeamID": "F4"}
{"GameID": "G41", "PNo": "14", "TeamID": "F4"}
{"GameID": "G41", "PNo": "15", "TeamID": "F4"}
{"GameID": "G41", "PNo": "17", "TeamID": "F4"}
{"GameID": "G41", "PNo": "18", "TeamID": "F4"}
{"GameID": "G41", "PNo": "19", "TeamID": "F4"}
{"GameID": "G41", "PNo": "20", "TeamID": "F4"}
{"GameID": "G41", "PNo": "1", "TeamID": "F1"}
{"GameID": "G41", "PNo": "3", "TeamID": "F1"}
{"GameID": "G41", "PNo": "5", "TeamID": "F1"}
{"GameID": "G41", "PNo": "6", "TeamID": "F1"}
{"GameID": "G41", "PNo": "8", "TeamID": "F1"}
{"GameID": "G41", "PNo": "9", "TeamID": "F1"}
{"GameID": "G41", "PNo": "10", "TeamID": "F1"}
{"GameID": "G41", "PNo": "11", "TeamID": "F1"}
{"GameID": "G41", "PNo": "14", "TeamID": "F1"}
{"GameID": "G41", "PNo": "15", "TeamID": "F1"}
{"GameID": "G41", "PNo": "18", "TeamID": "F1"}
{"GameID": "G42", "PNo": "13", "TeamID": "F2"}
{"GameID": "G42", "PNo": "3", "TeamID": "F2"}
{"GameID": "G42", "PNo": "7", "TeamID": "F2"}
{"GameID": "G42", "PNo": "11", "TeamID": "F2"}
{"GameID": "G42", "PNo": "14", "TeamID": "F2"}
{"GameID": "G42", "PNo": "15", "TeamID": "F2"}
{"GameID": "G42", "PNo": "16", "TeamID": "F2"}
{"GameID": "G42", "PNo": "18", "TeamID": "F2"}
{"GameID": "G42", "PNo": "21", "TeamID": "F2"}
{"GameID": "G42", "PNo": "22", "TeamID": "F2"}
{"GameID": "G42", "PNo": "23", "TeamID": "F2"}
{"GameID": "G42", "PNo": "1", "TeamID": "F3"}
{"GameID": "G42", "PNo": "2", "TeamID": "F3"}
{"GameID": "G42", "PNo": "3", "TeamID": "F3"}
{"GameID": "G42", "PNo": "4", "TeamID": "F3"}
{"GameID": "G42", "PNo": "6", "TeamID": "F3"}
{"GameID": "G42", "PNo": "7", "TeamID": "F3"}
{"GameID": "G42", "PNo": "8", "TeamID": "F3"}
{"GameID": "G42", "PNo": "9", "TeamID": "F3"}
{"GameID": "G42", "PNo": "10", "TeamID": "F3"}
{"GameID": "G42", "PNo": "17", "TeamID": "F3"}
{"GameID": "G42", "PNo": "20", "TeamID": "F3"}
{"GameID": "G43", "PNo": "1", "TeamID": "E4"}
{"GameID": "G43", "PNo": "2", "TeamID": "E4"}
{"GameID": "G43", "PNo": "9", "TeamID": "E4"}
{"GameID": "G43", "PNo": "10", "TeamID": "E4"}
{"GameID": "G43", "PNo": "11", "TeamID": "E4"}
{"GameID": "G43", "PNo": "13", "TeamID": "E4"}
{"GameID": "G43", "PNo": "15", "TeamID": "E4"}
{"GameID": "G43", "PNo": "17", "TeamID": "E4"}
{"GameID": "G43", "PNo": "20", "TeamID": "E4"}
{"GameID": "G43", "PNo": "21", "TeamID": "E4"}
{"GameID": "G43", "PNo": "22", "TeamID": "E4"}
{"GameID": "G43", "PNo": "1", "TeamID": "E1"}
{"GameID": "G43", "PNo": "2", "TeamID": "E1"}
{"GameID": "G43", "PNo": "3", "TeamID": "E1"}
{"GameID": "G43", "PNo": "5", "TeamID": "E1"}
{"GameID": "G43", "PNo": "9", "TeamID": "E1"}
{"GameID": "G43", "PNo": "10", "TeamID": "E1"}
{"GameID": "G43", "PNo": "11", "TeamID": "E1"}
{"GameID": "G43", "PNo": "12", "TeamID": "E1"}
{"GameID": "G43", "PNo": "15", "TeamID": "E1"}
{"GameID": "G43", "PNo": "19", "TeamID": "E1"}
{"GameID": "G43", "PNo": "22", "TeamID": "E1"}
{"GameID": "G44", "PNo": "1", "TeamID": "E2"}
{"GameID": "G44", "PNo": "2", "TeamID": "E2"}
{"GameID": "G44", "PNo": "5", "TeamID": "E2"}
{"GameID": "G44", "PNo": "7", "TeamID": "E2"}
{"GameID": "G44", "PNo": "10", "TeamID": "E2"}
{"GameID": "G44", "PNo": "11", "TeamID": "E2"}
{"GameID": "G44", "PNo": "13", "TeamID": "E2"}
{"GameID": "G44", "PNo": "15", "TeamID": "E2"}
{"GameID": "G44", "PNo": "18", "TeamID": "E2"}
{"GameID": "G44", "PNo": "22", "TeamID": "E2"}
{"GameID": "G44", "PNo": "23", "TeamID": "E2"}
{"GameID": "G44", "PNo": "1", "TeamID": "E3"}
{"GameID": "G44", "PNo": "2", "TeamID": "E3"}
{"GameID": "G44", "PNo": "3", "TeamID": "E3"}
{"GameID": "G44", "PNo": "5", "TeamID": "E3"}
{"GameID": "G44", "PNo": "8", "TeamID": "E3"}
{"GameID": "G44", "PNo": "9", "TeamID": "E3"}
{"GameID": "G44", "PNo": "10", "TeamID": "E3"}
{"GameID": "G44", "PNo": "12", "TeamID": "E3"}
{"GameID": "G44", "PNo": "16", "TeamID": "E3"}
{"GameID": "G44", "PNo": "19", "TeamID": "E3"}
{"GameID": "G44", "PNo": "20", "TeamID": "E3"}
{"GameID": "G45", "PNo": "1", "TeamID": "H4"}
{"GameID": "G45", "PNo": "5", "TeamID": "H4"}
{"GameID": "G45", "PNo": "7", "TeamID": "H4"}
{"GameID": "G45", "PNo": "9", "TeamID": "H4"}
{"GameID": "G45", "PNo": "11", "TeamID": "H4"}
{"GameID": "G45", "PNo": "13", "TeamID": "H4"}
{"GameID": "G45", "PNo": "16", "TeamID": "H4"}
{"GameID": "G45", "PNo": "19", "TeamID": "H4"}
{"GameID": "G45", "PNo": "20", "TeamID": "H4"}
{"GameID": "G45", "PNo": "21", "TeamID": "H4"}
{"GameID": "G45", "PNo": "22", "TeamID": "H4"}
{"GameID": "G45", "PNo": "22", "TeamID": "H1"}
{"GameID": "G45", "PNo": "3", "TeamID": "H1"}
{"GameID": "G45", "PNo": "5", "TeamID": "H1"}
{"GameID": "G45", "PNo": "6", "TeamID": "H1"}
{"GameID": "G45", "PNo": "9", "TeamID": "H1"}
{"GameID": "G45", "PNo": "10", "TeamID": "H1"}
{"GameID": "G45", "PNo": "11", "TeamID": "H1"}
{"GameID": "G45", "PNo": "15", "TeamID": "H1"}
{"GameID": "G45", "PNo": "18", "TeamID": "H1"}
{"GameID": "G45", "PNo": "19", "TeamID": "H1"}
{"GameID": "G45", "PNo": "21", "TeamID": "H1"}
{"GameID": "G46", "PNo": "16", "TeamID": "H2"}
{"GameID": "G46", "PNo": "3", "TeamID": "H2"}
{"GameID": "G46", "PNo": "5", "TeamID": "H2"}
{"GameID": "G46", "PNo": "6", "TeamID": "H2"}
{"GameID": "G46", "PNo": "8", "TeamID": "H2"}
{"GameID": "G46", "PNo": "10", "TeamID": "H2"}
{"GameID": "G46", "PNo": "12", "TeamID": "H2"}
{"GameID": "G46", "PNo": "18", "TeamID": "H2"}
{"GameID": "G46", "PNo": "19", "TeamID": "H2"}
{"GameID": "G46", "PNo": "20", "TeamID": "H2"}
{"GameID": "G46", "PNo": "21", "TeamID": "H2"}
{"GameID": "G46", "PNo": "1", "TeamID": "H3"}
{"GameID": "G46", "PNo": "4", "TeamID": "H3"}
{"GameID": "G46", "PNo": "6", "TeamID": "H3"}
{"GameID": "G46", "PNo": "9", "TeamID": "H3"}
{"GameID": "G46", "PNo": "10", "TeamID": "H3"}
{"GameID": "G46", "PNo": "11", "TeamID": "H3"}
{"GameID": "G46", "PNo": "13", "TeamID": "H3"}
{"GameID": "G46", "PNo": "15", "TeamID": "H3"}
{"GameID": "G46", "PNo": "17", "TeamID": "H3"}
{"GameID": "G46", "PNo": "20", "TeamID": "H3"}
{"GameID": "G46", "PNo": "23", "TeamID": "H3"}
{"GameID": "G47", "PNo": "1", "TeamID": "G2"}
{"GameID": "G47", "PNo": "4", "TeamID": "G2"}
{"GameID": "G47", "PNo": "5", "TeamID": "G2"}
{"GameID": "G47", "PNo": "6", "TeamID": "G2"}
{"GameID": "G47", "PNo": "8", "TeamID": "G2"}
{"GameID": "G47", "PNo": "9", "TeamID": "G2"}
{"GameID": "G47", "PNo": "13", "TeamID": "G2"}
{"GameID": "G47", "PNo": "17", "TeamID": "G2"}
{"GameID": "G47", "PNo": "19", "TeamID": "G2"}
{"GameID": "G47", "PNo": "20", "TeamID": "G2"}
{"GameID": "G47", "PNo": "21", "TeamID": "G2"}
{"GameID": "G47", "PNo": "16", "TeamID": "G3"}
{"GameID": "G47", "PNo": "4", "TeamID": "G3"}
{"GameID": "G47", "PNo": "5", "TeamID": "G3"}
{"GameID": "G47", "PNo": "6", "TeamID": "G3"}
{"GameID": "G47", "PNo": "8", "TeamID": "G3"}
{"GameID": "G47", "PNo": "10", "TeamID": "G3"}
{"GameID": "G47", "PNo": "13", "TeamID": "G3"}
{"GameID": "G47", "PNo": "17", "TeamID": "G3"}
{"GameID": "G47", "PNo": "20", "TeamID": "G3"}
{"GameID": "G47", "PNo": "21", "TeamID": "G3"}
{"GameID": "G47", "PNo": "23", "TeamID": "G3"}
{"GameID": "G48", "PNo": "1", "TeamID": "G4"}
{"GameID": "G48", "PNo": "3", "TeamID": "G4"}
{"GameID": "G48", "PNo": "4", "TeamID": "G4"}
{"GameID": "G48", "PNo": "5", "TeamID": "G4"}
{"GameID": "G48", "PNo": "11", "TeamID": "G4"}
{"GameID": "G48", "PNo": "15", "TeamID": "G4"}
{"GameID": "G48", "PNo": "16", "TeamID": "G4"}
{"GameID": "G48", "PNo": "17", "TeamID": "G4"}
{"GameID": "G48", "PNo": "19", "TeamID": "G4"}
{"GameID": "G48", "PNo": "21", "TeamID": "G4"}
{"GameID": "G48", "PNo": "22", "TeamID": "G4"}
{"GameID": "G48", "PNo": "1", "TeamID": "G1"}
{"GameID": "G48", "PNo": "3", "TeamID": "G1"}
{"GameID": "G48", "PNo": "8", "TeamID": "G1"}
{"GameID": "G48", "PNo": "16", "TeamID": "G1"}
{"GameID": "G48", "PNo": "17", "TeamID": "G1"}
{"GameID": "G48", "PNo": "18", "TeamID": "G1"}
{"GameID": "G48", "PNo": "19", "TeamID": "G1"}
{"GameID": "G48", "PNo": "20", "TeamID": "G1"}
{"GameID": "G48", "PNo": "21", "TeamID": "G1"}
{"GameID": "G48", "PNo": "22", "TeamID": "G1"}
{"GameID": "G48", "PNo": "23", "TeamID": "G1"}
{"GameID": "G49", "PNo": "1", "TeamID": "A4"}
{"GameID": "G49", "PNo": "2", "TeamID": "A4"}
{"GameID": "G49", "PNo": "3", "TeamID": "A4"}
{"GameID": "G49", "PNo": "6", "TeamID": "A4"}
{"GameID": "G49", "PNo": "8", "TeamID": "A4"}
{"GameID": "G49", "PNo": "9", "TeamID": "A4"}
{"GameID": "G49", "PNo": "14", "TeamID": "A4"}
{"GameID": "G49", "PNo": "15", "TeamID": "A4"}
{"GameID": "G49", "PNo": "17", "TeamID": "A4"}
{"GameID": "G49", "PNo": "21", "TeamID": "A4"}
{"GameID": "G49", "PNo": "22", "TeamID": "A4"}
{"GameID": "G49", "PNo": "1", "TeamID": "B1"}
{"GameID": "G49", "PNo": "3", "TeamID": "B1"}
{"GameID": "G49", "PNo": "5", "TeamID": "B1"}
{"GameID": "G49", "PNo": "6", "TeamID": "B1"}
{"GameID": "G49", "PNo": "7", "TeamID": "B1"}
{"GameID": "G49", "PNo": "10", "TeamID": "B1"}
{"GameID": "G49", "PNo": "11", "TeamID": "B1"}
{"GameID": "G49", "PNo": "14", "TeamID": "B1"}
{"GameID": "G49", "PNo": "15", "TeamID": "B1"}
{"GameID": "G49", "PNo": "17", "TeamID": "B1"}
{"GameID": "G49", "PNo": "23", "TeamID": "B1"}
{"GameID": "G50", "PNo": "1", "TeamID": "C1"}
{"GameID": "G50", "PNo": "2", "TeamID": "C1"}
{"GameID": "G50", "PNo": "4", "TeamID": "C1"}
{"GameID": "G50", "PNo": "5", "TeamID": "C1"}
{"GameID": "G50", "PNo": "6", "TeamID": "C1"}
{"GameID": "G50", "PNo": "7", "TeamID": "C1"}
{"GameID": "G50", "PNo": "9", "TeamID": "C1"}
{"GameID": "G50", "PNo": "10", "TeamID": "C1"}
{"GameID": "G50", "PNo": "13", "TeamID": "C1"}
{"GameID": "G50", "PNo": "14", "TeamID": "C1"}
{"GameID": "G50", "PNo": "21", "TeamID": "C1"}
{"GameID": "G50", "PNo": "12", "TeamID": "D1"}
{"GameID": "G50", "PNo": "2", "TeamID": "D1"}
{"GameID": "G50", "PNo": "3", "TeamID": "D1"}
{"GameID": "G50", "PNo": "7", "TeamID": "D1"}
{"GameID": "G50", "PNo": "10", "TeamID": "D1"}
{"GameID": "G50", "PNo": "11", "TeamID": "D1"}
{"GameID": "G50", "PNo": "14", "TeamID": "D1"}
{"GameID": "G50", "PNo": "15", "TeamID": "D1"}
{"GameID": "G50", "PNo": "16", "TeamID": "D1"}
{"GameID": "G50", "PNo": "17", "TeamID": "D1"}
{"GameID": "G50", "PNo": "22", "TeamID": "D1"}
{"GameID": "G51", "PNo": "1", "TeamID": "B2"}
{"GameID": "G51", "PNo": "3", "TeamID": "B2"}
{"GameID": "G51", "PNo": "4", "TeamID": "B2"}
{"GameID": "G51", "PNo": "5", "TeamID": "B2"}
{"GameID": "G51", "PNo": "8", "TeamID": "B2"}
{"GameID": "G51", "PNo": "15", "TeamID": "B2"}
{"GameID": "G51", "PNo": "18", "TeamID": "B2"}
{"GameID": "G51", "PNo": "19", "TeamID": "B2"}
{"GameID": "G51", "PNo": "20", "TeamID": "B2"}
{"GameID": "G51", "PNo": "21", "TeamID": "B2"}
{"GameID": "G51", "PNo": "22", "TeamID": "B2"}
{"GameID": "G51", "PNo": "1", "TeamID": "A1"}
{"GameID": "G51", "PNo": "2", "TeamID": "A1"}
{"GameID": "G51", "PNo": "3", "TeamID": "A1"}
{"GameID": "G51", "PNo": "4", "TeamID": "A1"}
{"GameID": "G51", "PNo": "7", "TeamID": "A1"}
{"GameID": "G51", "PNo": "11", "TeamID": "A1"}
{"GameID": "G51", "PNo": "13", "TeamID": "A1"}
{"GameID": "G51", "PNo": "17", "TeamID": "A1"}
{"GameID": "G51", "PNo": "18", "TeamID": "A1"}
{"GameID": "G51", "PNo": "19", "TeamID": "A1"}
{"GameID": "G51", "PNo": "22", "TeamID": "A1"}
{"GameID": "G52", "PNo": "23", "TeamID": "D3"}
{"GameID": "G52", "PNo": "2", "TeamID": "D3"}
{"GameID": "G52", "PNo": "3", "TeamID": "D3"}
{"GameID": "G52", "PNo": "4", "TeamID": "D3"}
{"GameID": "G52", "PNo": "6", "TeamID": "D3"}
{"GameID": "G52", "PNo": "7", "TeamID": "D3"}
{"GameID": "G52", "PNo": "10", "TeamID": "D3"}
{"GameID": "G52", "PNo": "11", "TeamID": "D3"}
{"GameID": "G52", "PNo": "17", "TeamID": "D3"}
{"GameID": "G52", "PNo": "18", "TeamID": "D3"}
{"GameID": "G52", "PNo": "21", "TeamID": "D3"}
{"GameID": "G52", "PNo": "1", "TeamID": "C4"}
{"GameID": "G52", "PNo": "4", "TeamID": "C4"}
{"GameID": "G52", "PNo": "5", "TeamID": "C4"}
{"GameID": "G52", "PNo": "6", "TeamID": "C4"}
{"GameID": "G52", "PNo": "8", "TeamID": "C4"}
{"GameID": "G52", "PNo": "10", "TeamID": "C4"}
{"GameID": "G52", "PNo": "11", "TeamID": "C4"}
{"GameID": "G52", "PNo": "13", "TeamID": "C4"}
{"GameID": "G52", "PNo": "14", "TeamID": "C4"}
{"GameID": "G52", "PNo": "20", "TeamID": "C4"}
{"GameID": "G52", "PNo": "21", "TeamID": "C4"}
{"GameID": "G53", "PNo": "1", "TeamID": "E1"}
{"GameID": "G53", "PNo": "2", "TeamID": "E1"}
{"GameID": "G53", "PNo": "3", "TeamID": "E1"}
{"GameID": "G53", "PNo": "5", "TeamID": "E1"}
{"GameID": "G53", "PNo": "6", "TeamID": "E1"}
{"GameID": "G53", "PNo": "9", "TeamID": "E1"}
{"GameID": "G53", "PNo": "10", "TeamID": "E1"}
{"GameID": "G53", "PNo": "11", "TeamID": "E1"}
{"GameID": "G53", "PNo": "15", "TeamID": "E1"}
{"GameID": "G53", "PNo": "19", "TeamID": "E1"}
{"GameID": "G53", "PNo": "22", "TeamID": "E1"}
{"GameID": "G53", "PNo": "13", "TeamID": "F2"}
{"GameID": "G53", "PNo": "2", "TeamID": "F2"}
{"GameID": "G53", "PNo": "3", "TeamID": "F2"}
{"GameID": "G53", "PNo": "4", "TeamID": "F2"}
{"GameID": "G53", "PNo": "11", "TeamID": "F2"}
{"GameID": "G53", "PNo": "14", "TeamID": "F2"}
{"GameID": "G53", "PNo": "16", "TeamID": "F2"}
{"GameID": "G53", "PNo": "18", "TeamID": "F2"}
{"GameID": "G53", "PNo": "21", "TeamID": "F2"}
{"GameID": "G53", "PNo": "22", "TeamID": "F2"}
{"GameID": "G53", "PNo": "23", "TeamID": "F2"}
{"GameID": "G54", "PNo": "1", "TeamID": "G1"}
{"GameID": "G54", "PNo": "2", "TeamID": "G1"}
{"GameID": "G54", "PNo": "4", "TeamID": "G1"}
{"GameID": "G54", "PNo": "5", "TeamID": "G1"}
{"GameID": "G54", "PNo": "6", "TeamID": "G1"}
{"GameID": "G54", "PNo": "7", "TeamID": "G1"}
{"GameID": "G54", "PNo": "9", "TeamID": "G1"}
{"GameID": "G54", "PNo": "10", "TeamID": "G1"}
{"GameID": "G54", "PNo": "11", "TeamID": "G1"}
{"GameID": "G54", "PNo": "14", "TeamID": "G1"}
{"GameID": "G54", "PNo": "15", "TeamID": "G1"}
{"GameID": "G54", "PNo": "1", "TeamID": "H4"}
{"GameID": "G54", "PNo": "3", "TeamID": "H4"}
{"GameID": "G54", "PNo": "5", "TeamID": "H4"}
{"GameID": "G54", "PNo": "7", "TeamID": "H4"}
{"GameID": "G54", "PNo": "8", "TeamID": "H4"}
{"GameID": "G54", "PNo": "10", "TeamID": "H4"}
{"GameID": "G54", "PNo": "14", "TeamID": "H4"}
{"GameID": "G54", "PNo": "15", "TeamID": "H4"}
{"GameID": "G54", "PNo": "17", "TeamID": "H4"}
{"GameID": "G54", "PNo": "19", "TeamID": "H4"}
{"GameID": "G54", "PNo": "22", "TeamID": "H4"}
{"GameID": "G55", "PNo": "1", "TeamID": "F3"}
{"GameID": "G55", "PNo": "2", "TeamID": "F3"}
{"GameID": "G55", "PNo": "3", "TeamID": "F3"}
{"GameID": "G55", "PNo": "4", "TeamID": "F3"}
{"GameID": "G55", "PNo": "6", "TeamID": "F3"}
{"GameID": "G55", "PNo": "8", "TeamID": "F3"}
{"GameID": "G55", "PNo": "9", "TeamID": "F3"}
{"GameID": "G55", "PNo": "10", "TeamID": "F3"}
{"GameID": "G55", "PNo": "13", "TeamID": "F3"}
{"GameID": "G55", "PNo": "17", "TeamID": "F3"}
{"GameID": "G55", "PNo": "20", "TeamID": "F3"}
{"GameID": "G55", "PNo": "1", "TeamID": "E2"}
{"GameID": "G55", "PNo": "5", "TeamID": "E2"}
{"GameID": "G55", "PNo": "6", "TeamID": "E2"}
{"GameID": "G55", "PNo": "10", "TeamID": "E2"}
{"GameID": "G55", "PNo": "11", "TeamID": "E2"}
{"GameID": "G55", "PNo": "13", "TeamID": "E2"}
{"GameID": "G55", "PNo": "14", "TeamID": "E2"}
{"GameID": "G55", "PNo": "15", "TeamID": "E2"}
{"GameID": "G55", "PNo": "19", "TeamID": "E2"}
{"GameID": "G55", "PNo": "20", "TeamID": "E2"}
{"GameID": "G55", "PNo": "23", "TeamID": "E2"}
{"GameID": "G56", "PNo": "1", "TeamID": "H3"}
{"GameID": "G56", "PNo": "4", "TeamID": "H3"}
{"GameID": "G56", "PNo": "5", "TeamID": "H3"}
{"GameID": "G56", "PNo": "6", "TeamID": "H3"}
{"GameID": "G56", "PNo": "9", "TeamID": "H3"}
{"GameID": "G56", "PNo": "11", "TeamID": "H3"}
{"GameID": "G56", "PNo": "13", "TeamID": "H3"}
{"GameID": "G56", "PNo": "16", "TeamID": "H3"}
{"GameID": "G56", "PNo": "17", "TeamID": "H3"}
{"GameID": "G56", "PNo": "20", "TeamID": "H3"}
{"GameID": "G56", "PNo": "23", "TeamID": "H3"}
{"GameID": "G56", "PNo": "1", "TeamID": "G4"}
{"GameID": "G56", "PNo": "2", "TeamID": "G4"}
{"GameID": "G56", "PNo": "5", "TeamID": "G4"}
{"GameID": "G56", "PNo": "6", "TeamID": "G4"}
{"GameID": "G56", "PNo": "7", "TeamID": "G4"}
{"GameID": "G56", "PNo": "8", "TeamID": "G4"}
{"GameID": "G56", "PNo": "9", "TeamID": "G4"}
{"GameID": "G56", "PNo": "10", "TeamID": "G4"}
{"GameID": "G56", "PNo": "12", "TeamID": "G4"}
{"GameID": "G56", "PNo": "18", "TeamID": "G4"}
{"GameID": "G56", "PNo": "20", "TeamID": "G4"}
{"GameID": "G57", "PNo": "1", "TeamID": "A4"}
{"GameID": "G57", "PNo": "2", "TeamID": "A4"}
{"GameID": "G57", "PNo": "3", "TeamID": "A4"}
{"GameID": "G57", "PNo": "6", "TeamID": "A4"}
{"GameID": "G57", "PNo": "8", "TeamID": "A4"}
{"GameID": "G57", "PNo": "9", "TeamID": "A4"}
{"GameID": "G57", "PNo": "11", "TeamID": "A4"}
{"GameID": "G57", "PNo": "14", "TeamID": "A4"}
{"GameID": "G57", "PNo": "15", "TeamID": "A4"}
{"GameID": "G57", "PNo": "17", "TeamID": "A4"}
{"GameID": "G57", "PNo": "22", "TeamID": "A4"}
{"GameID": "G57", "PNo": "1", "TeamID": "C1"}
{"GameID": "G57", "PNo": "2", "TeamID": "C1"}
{"GameID": "G57", "PNo": "4", "TeamID": "C1"}
{"GameID": "G57", "PNo": "5", "TeamID": "C1"}
{"GameID": "G57", "PNo": "6", "TeamID": "C1"}
{"GameID": "G57", "PNo": "7", "TeamID": "C1"}
{"GameID": "G57", "PNo": "9", "TeamID": "C1"}
{"GameID": "G57", "PNo": "10", "TeamID": "C1"}
{"GameID": "G57", "PNo": "12", "TeamID": "C1"}
{"GameID": "G57", "PNo": "13", "TeamID": "C1"}
{"GameID": "G57", "PNo": "21", "TeamID": "C1"}
{"GameID": "G58", "PNo": "1", "TeamID": "E1"}
{"GameID": "G58", "PNo": "2", "TeamID": "E1"}
{"GameID": "G58", "PNo": "3", "TeamID": "E1"}
{"GameID": "G58", "PNo": "9", "TeamID": "E1"}
{"GameID": "G58", "PNo": "10", "TeamID": "E1"}
{"GameID": "G58", "PNo": "11", "TeamID": "E1"}
{"GameID": "G58", "PNo": "12", "TeamID": "E1"}
{"GameID": "G58", "PNo": "15", "TeamID": "E1"}
{"GameID": "G58", "PNo": "17", "TeamID": "E1"}
{"GameID": "G58", "PNo": "19", "TeamID": "E1"}
{"GameID": "G58", "PNo": "22", "TeamID": "E1"}
{"GameID": "G58", "PNo": "1", "TeamID": "G1"}
{"GameID": "G58", "PNo": "2", "TeamID": "G1"}
{"GameID": "G58", "PNo": "4", "TeamID": "G1"}
{"GameID": "G58", "PNo": "5", "TeamID": "G1"}
{"GameID": "G58", "PNo": "6", "TeamID": "G1"}
{"GameID": "G58", "PNo": "7", "TeamID": "G1"}
{"GameID": "G58", "PNo": "8", "TeamID": "G1"}
{"GameID": "G58", "PNo": "9", "TeamID": "G1"}
{"GameID": "G58", "PNo": "10", "TeamID": "G1"}
{"GameID": "G58", "PNo": "15", "TeamID": "G1"}
{"GameID": "G58", "PNo": "22", "TeamID": "G1"}
{"GameID": "G59", "PNo": "1", "TeamID": "A1"}
{"GameID": "G59", "PNo": "2", "TeamID": "A1"}
{"GameID": "G59", "PNo": "3", "TeamID": "A1"}
{"GameID": "G59", "PNo": "4", "TeamID": "A1"}
{"GameID": "G59", "PNo": "6", "TeamID": "A1"}
{"GameID": "G59", "PNo": "7", "TeamID": "A1"}
{"GameID": "G59", "PNo": "11", "TeamID": "A1"}
{"GameID": "G59", "PNo": "13", "TeamID": "A1"}
{"GameID": "G59", "PNo": "17", "TeamID": "A1"}
{"GameID": "G59", "PNo": "19", "TeamID": "A1"}
{"GameID": "G59", "PNo": "22", "TeamID": "A1"}
{"GameID": "G59", "PNo": "23", "TeamID": "D3"}
{"GameID": "G59", "PNo": "2", "TeamID": "D3"}
{"GameID": "G59", "PNo": "3", "TeamID": "D3"}
{"GameID": "G59", "PNo": "4", "TeamID": "D3"}
{"GameID": "G59", "PNo": "6", "TeamID": "D3"}
{"GameID": "G59", "PNo": "7", "TeamID": "D3"}
{"GameID": "G59", "PNo": "9", "TeamID": "D3"}
{"GameID": "G59", "PNo": "10", "TeamID": "D3"}
{"GameID": "G59", "PNo": "17", "TeamID": "D3"}
{"GameID": "G59", "PNo": "18", "TeamID": "D3"}
{"GameID": "G59", "PNo": "21", "TeamID": "D3"}
{"GameID": "G60", "PNo": "1", "TeamID": "F3"}
{"GameID": "G60", "PNo": "3", "TeamID": "F3"}
{"GameID": "G60", "PNo": "4", "TeamID": "F3"}
{"GameID": "G60", "PNo": "6", "TeamID": "F3"}
{"GameID": "G60", "PNo": "7", "TeamID": "F3"}
{"GameID": "G60", "PNo": "8", "TeamID": "F3"}
{"GameID": "G60", "PNo": "9", "TeamID": "F3"}
{"GameID": "G60", "PNo": "10", "TeamID": "F3"}
{"GameID": "G60", "PNo": "16", "TeamID": "F3"}
{"GameID": "G60", "PNo": "17", "TeamID": "F3"}
{"GameID": "G60", "PNo": "20", "TeamID": "F3"}
{"GameID": "G60", "PNo": "1", "TeamID": "G4"}
{"GameID": "G60", "PNo": "2", "TeamID": "G4"}
{"GameID": "G60", "PNo": "5", "TeamID": "G4"}
{"GameID": "G60", "PNo": "6", "TeamID": "G4"}
{"GameID": "G60", "PNo": "7", "TeamID": "G4"}
{"GameID": "G60", "PNo": "8", "TeamID": "G4"}
{"GameID": "G60", "PNo": "9", "TeamID": "G4"}
{"GameID": "G60", "PNo": "10", "TeamID": "G4"}
{"GameID": "G60", "PNo": "12", "TeamID": "G4"}
{"GameID": "G60", "PNo": "18", "TeamID": "G4"}
{"GameID": "G60", "PNo": "20", "TeamID": "G4"}
{"GameID": "G61", "PNo": "1", "TeamID": "C1"}
{"GameID": "G61", "PNo": "2", "TeamID": "C1"}
{"GameID": "G61", "PNo": "4", "TeamID": "C1"}
{"GameID": "G61", "PNo": "5", "TeamID": "C1"}
{"GameID": "G61", "PNo": "6", "TeamID": "C1"}
{"GameID": "G61", "PNo": "7", "TeamID": "C1"}
{"GameID": "G61", "PNo": "9", "TeamID": "C1"}
{"GameID": "G61", "PNo": "10", "TeamID": "C1"}
{"GameID": "G61", "PNo": "13", "TeamID": "C1"}
{"GameID": "G61", "PNo": "14", "TeamID": "C1"}
{"GameID": "G61", "PNo": "21", "TeamID": "C1"}
{"GameID": "G61", "PNo": "1", "TeamID": "G1"}
{"GameID": "G61", "PNo": "2", "TeamID": "G1"}
{"GameID": "G61", "PNo": "4", "TeamID": "G1"}
{"GameID": "G61", "PNo": "5", "TeamID": "G1"}
{"GameID": "G61", "PNo": "6", "TeamID": "G1"}
{"GameID": "G61", "PNo": "7", "TeamID": "G1"}
{"GameID": "G61", "PNo": "8", "TeamID": "G1"}
{"GameID": "G61", "PNo": "9", "TeamID": "G1"}
{"GameID": "G61", "PNo": "10", "TeamID": "G1"}
{"GameID": "G61", "PNo": "19", "TeamID": "G1"}
{"GameID": "G61", "PNo": "22", "TeamID": "G1"}
{"GameID": "G62", "PNo": "23", "TeamID": "D3"}
{"GameID": "G62", "PNo": "2", "TeamID": "D3"}
{"GameID": "G62", "PNo": "3", "TeamID": "D3"}
{"GameID": "G62", "PNo": "4", "TeamID": "D3"}
{"GameID": "G62", "PNo": "6", "TeamID": "D3"}
{"GameID": "G62", "PNo": "7", "TeamID": "D3"}
{"GameID": "G62", "PNo": "10", "TeamID": "D3"}
{"GameID": "G62", "PNo": "11", "TeamID": "D3"}
{"GameID": "G62", "PNo": "17", "TeamID": "D3"}
{"GameID": "G62", "PNo": "18", "TeamID": "D3"}
{"GameID": "G62", "PNo": "21", "TeamID": "D3"}
{"GameID": "G62", "PNo": "1", "TeamID": "G4"}
{"GameID": "G62", "PNo": "2", "TeamID": "G4"}
{"GameID": "G62", "PNo": "5", "TeamID": "G4"}
{"GameID": "G62", "PNo": "6", "TeamID": "G4"}
{"GameID": "G62", "PNo": "7", "TeamID": "G4"}
{"GameID": "G62", "PNo": "8", "TeamID": "G4"}
{"GameID": "G62", "PNo": "9", "TeamID": "G4"}
{"GameID": "G62", "PNo": "10", "TeamID": "G4"}
{"GameID": "G62", "PNo": "12", "TeamID": "G4"}
{"GameID": "G62", "PNo": "18", "TeamID": "G4"}
{"GameID": "G62", "PNo": "20", "TeamID": "G4"}
{"GameID": "G63", "PNo": "1", "TeamID": "G1"}
{"GameID": "G63", "PNo": "2", "TeamID": "G1"}
{"GameID": "G63", "PNo": "4", "TeamID": "G1"}
{"GameID": "G63", "PNo": "5", "TeamID": "G1"}
{"GameID": "G63", "PNo": "6", "TeamID": "G1"}
{"GameID": "G63", "PNo": "7", "TeamID": "G1"}
{"GameID": "G63", "PNo": "9", "TeamID": "G1"}
{"GameID": "G63", "PNo": "10", "TeamID": "G1"}
{"GameID": "G63", "PNo": "15", "TeamID": "G1"}
{"GameID": "G63", "PNo": "17", "TeamID": "G1"}
{"GameID": "G63", "PNo": "22", "TeamID": "G1"}
{"GameID": "G63", "PNo": "1", "TeamID": "G4"}
{"GameID": "G63", "PNo": "3", "TeamID": "G4"}
{"GameID": "G63", "PNo": "4", "TeamID": "G4"}
{"GameID": "G63", "PNo": "5", "TeamID": "G4"}
{"GameID": "G63", "PNo": "6", "TeamID": "G4"}
{"GameID": "G63", "PNo": "9", "TeamID": "G4"}
{"GameID": "G63", "PNo": "10", "TeamID": "G4"}
{"GameID": "G63", "PNo": "12", "TeamID": "G4"}
{"GameID": "G63", "PNo": "16", "TeamID": "G4"}
{"GameID": "G63", "PNo": "17", "TeamID": "G4"}
{"GameID": "G63", "PNo": "21", "TeamID": "G4"}
{"GameID": "G64", "PNo": "1", "TeamID": "C1"}
{"GameID": "G64", "PNo": "2", "TeamID": "C1"}
{"GameID": "G64", "PNo": "4", "TeamID": "C1"}
{"GameID": "G64", "PNo": "5", "TeamID": "C1"}
{"GameID": "G64", "PNo": "6", "TeamID": "C1"}
{"GameID": "G64", "PNo": "7", "TeamID": "C1"}
{"GameID": "G64", "PNo": "9", "TeamID": "C1"}
{"GameID": "G64", "PNo": "10", "TeamID": "C1"}
{"GameID": "G64", "PNo": "13", "TeamID": "C1"}
{"GameID": "G64", "PNo": "14", "TeamID": "C1"}
{"GameID": "G64", "PNo": "21", "TeamID": "C1"}
{"GameID": "G64", "PNo": "23", "TeamID": "D3"}
{"GameID": "G64", "PNo": "2", "TeamID": "D3"}
{"GameID": "G64", "PNo": "3", "TeamID": "D3"}
{"GameID": "G64", "PNo": "4", "TeamID": "D3"}
{"GameID": "G64", "PNo": "6", "TeamID": "D3"}
{"GameID": "G64", "PNo": "7", "TeamID": "D3"}
{"GameID": "G64", "PNo": "10", "TeamID": "D3"}
{"GameID": "G64", "PNo": "11", "TeamID": "D3"}
{"GameID": "G64", "PNo": "17", "TeamID": "D3"}
{"GameID": "G64", "PNo": "18", "TeamID": "D3"}
{"GameID": "G64", "PNo": "21", "TeamID": "D3"}
